"figure","unit_lay_name","part_id","zone_name","community","role","cells","area_ha","mean_water_pct","mean_cover_pct","support_level","scope_filter","pixel_constant","denominator","period_label","checksum_sha256_first50"
"EX1_aeolian_Dinan_3.png","the Aeolian Chenopod country in Dinan 3","51_aeolian","Dinan 3","Aeolian Chenopod Shrublands","driest",2417,150.703,0.9977,73.6101,"pixel","treed_context_flag = 0 AND regime_band <> 'context'",0.0623514283991824,"the unit's own valid cells","1988-2022","b3e5419f9e092c97eb492d9d326716092b40a02fc90c701753f6c4f98dd5d481"
"EX1_aeolian_Dinan_1.png","the Aeolian Chenopod country in Dinan 1","62_aeolian","Dinan 1","Aeolian Chenopod Shrublands","middle",1197,74.635,2.5301,67.5147,"pixel","treed_context_flag = 0 AND regime_band <> 'context'",0.0623514283991824,"the unit's own valid cells","1988-2022","014b7e0be135b76cad0dfeabc181acdd5e759aebd521abf9ec53ac0c5b885280"
"EX1_aeolian_Dinan_9.png","the Aeolian Chenopod country in Dinan 9","56_aeolian","Dinan 9","Aeolian Chenopod Shrublands","wettest",5730,357.274,11.8669,70.1441,"pixel","treed_context_flag = 0 AND regime_band <> 'context'",0.0623514283991824,"the unit's own valid cells","1988-2022","1b7880e0ab805c25b3574ebae5ab614f3b162aea8d4d971da1efa802a6654a63"
"EX1_riverine_Bala_2.png","the Riverine Chenopod country in Bala 2","06_riverine","Bala 2","Riverine Chenopod Shrublands","driest",1956,121.959,3.0222,72.5857,"pixel","treed_context_flag = 0 AND regime_band <> 'context'",0.0623514283991824,"the unit's own valid cells","1988-2022","d0c75173ca7b43ef8d837f6fc92e6220236d2f28e521069399d48e0e1ff3be1f"
"EX1_riverine_Dinan_3.png","the Riverine Chenopod country in Dinan 3","51_riverine","Dinan 3","Riverine Chenopod Shrublands","middle",2674,166.728,13.51,63.486,"pixel","treed_context_flag = 0 AND regime_band <> 'context'",0.0623514283991824,"the unit's own valid cells","1988-2022","b14269a73ab182988c1582b1bfd01672c6bbc5f8611b9fd345f0be163b99e4f0"
"EX1_riverine_Mara_21.png","the Riverine Chenopod country in Mara 21","45_riverine","Mara 21","Riverine Chenopod Shrublands","wettest",3275,204.201,33.2615,79.8004,"pixel","treed_context_flag = 0 AND regime_band <> 'context'",0.0623514283991824,"the unit's own valid cells","1988-2022","835ef35d4fdfa65569cc209dbb04391be5f4a4ad858600eb96bb7bc918599c4d"
"EX1_inland_Dinan_10.png","the Inland Floodplain country in Dinan 10","57_inland","Dinan 10","Inland Floodplain Shrublands / Swamps","driest",3765,234.753,5.9298,69.0688,"pixel","treed_context_flag = 0 AND regime_band <> 'context'",0.0623514283991824,"the unit's own valid cells","1988-2022","c58e9bf8d0dd367c4cf15151290b65f8c28c1091a8780364fa9e85c93da04692"
"EX1_inland_Mara_15.png","the Inland Floodplain country in Mara 15","40_inland","Mara 15","Inland Floodplain Shrublands / Swamps","middle",16594,1034.66,30.932,82.6143,"pixel","treed_context_flag = 0 AND regime_band <> 'context'",0.0623514283991824,"the unit's own valid cells","1988-2022","60be8a4918364e3a66b5f5e48af1949d94457f94bc65d0f3e3a3f5f91d286981"
"EX1_inland_Bala_22.png","the Inland Floodplain country in Bala 22","20_inland","Bala 22","Inland Floodplain Shrublands / Swamps","wettest",5266,328.343,58.8975,88.818,"pixel","treed_context_flag = 0 AND regime_band <> 'context'",0.0623514283991824,"the unit's own valid cells","1988-2022","4f345986baec912d554c307b4372d9855656874f3834f2cdb63022a4c127cb1d"
