"patch_id","community_short","n_cells","mean_share_cells_wet","veg_p05_temporal_mean","zoned_predicted","descriptive_offset_pp","offset_note"
"U0538","riverine",18361,3.28678,29.007847,38.1598347612771,-9.15198776127713,"DESCRIPTIVE OFFSET from the zoned display smoother; not a residual, not a test"
"U0488","inland",548,4.5776854,43.77376,NA,NA,"outside the zoned water range for this community - no comparison, not extrapolated"
"U0526","riverine",571,4.7085314,45.327793,39.3122097734526,6.01558322654741,"DESCRIPTIVE OFFSET from the zoned display smoother; not a residual, not a test"
"U0278","inland",533,6.400429,36.4612,48.6700625521302,-12.2088625521302,"DESCRIPTIVE OFFSET from the zoned display smoother; not a residual, not a test"
"U0501","riverine",2904,8.890201,62.44694,41.3216361723737,21.1253038276263,"DESCRIPTIVE OFFSET from the zoned display smoother; not a residual, not a test"
"U0544","riverine",19916,9.743494,43.31577,41.3307695854373,1.98500041456268,"DESCRIPTIVE OFFSET from the zoned display smoother; not a residual, not a test"
"U0419","inland",17727,10.764693,41.930824,50.534786623302,-8.60396262330201,"DESCRIPTIVE OFFSET from the zoned display smoother; not a residual, not a test"
"U0486","inland",31750,13.347491,50.577614,51.7137488389249,-1.13613483892492,"DESCRIPTIVE OFFSET from the zoned display smoother; not a residual, not a test"
"U0025","aeolian",3679,13.527744,41.038937,NA,NA,"outside the zoned water range for this community - no comparison, not extrapolated"
"U0467","inland",25833,15.398577,57.297867,52.6864151542349,4.61145184576515,"DESCRIPTIVE OFFSET from the zoned display smoother; not a residual, not a test"
"U0021","aeolian",7966,15.739752,49.810383,NA,NA,"outside the zoned water range for this community - no comparison, not extrapolated"
"U0492","inland",906,16.600441,58.628654,53.2646250413825,5.36402895861746,"DESCRIPTIVE OFFSET from the zoned display smoother; not a residual, not a test"
"U0249","inland",501,16.806387,57.099255,53.3619208955833,3.73733410441667,"DESCRIPTIVE OFFSET from the zoned display smoother; not a residual, not a test"
"U0470","inland",6328,17.244448,57.907066,53.5672793842882,4.33978661571177,"DESCRIPTIVE OFFSET from the zoned display smoother; not a residual, not a test"
"U0335","inland",1068,17.833067,55.868843,53.8409275766871,2.02791542331286,"DESCRIPTIVE OFFSET from the zoned display smoother; not a residual, not a test"
"U0168","inland",641,18.176956,52.21683,54.0002520357982,-1.78342203579822,"DESCRIPTIVE OFFSET from the zoned display smoother; not a residual, not a test"
"U0521","riverine",663,18.478777,47.45587,47.9068614498846,-0.450991449884619,"DESCRIPTIVE OFFSET from the zoned display smoother; not a residual, not a test"
"U0571","riverine",1851,19.902756,59.914692,48.788582936046,11.126109063954,"DESCRIPTIVE OFFSET from the zoned display smoother; not a residual, not a test"
"U0221","inland",2298,19.924158,64.60124,54.8183200323111,9.78291996768894,"DESCRIPTIVE OFFSET from the zoned display smoother; not a residual, not a test"
"U0238","inland",5007,20.139805,48.747925,54.9217642758261,-6.17383927582609,"DESCRIPTIVE OFFSET from the zoned display smoother; not a residual, not a test"
"U0101","inland",2033,20.178482,50.550056,54.9404046994765,-4.39034869947646,"DESCRIPTIVE OFFSET from the zoned display smoother; not a residual, not a test"
"U0192","inland",954,21.021263,54.12625,55.3544169195594,-1.22816691955943,"DESCRIPTIVE OFFSET from the zoned display smoother; not a residual, not a test"
"U0380","inland",1379,21.09396,51.457565,55.3909269807943,-3.93336198079432,"DESCRIPTIVE OFFSET from the zoned display smoother; not a residual, not a test"
"U0508","riverine",3568,21.85458,51.87128,50.8877927768712,0.983487223128797,"DESCRIPTIVE OFFSET from the zoned display smoother; not a residual, not a test"
"U0158","inland",2781,21.989008,57.17664,55.8532034001074,1.32343659989262,"DESCRIPTIVE OFFSET from the zoned display smoother; not a residual, not a test"
"U0464","inland",678,23.881163,49.076252,56.9310425229497,-7.85479052294973,"DESCRIPTIVE OFFSET from the zoned display smoother; not a residual, not a test"
"U0107","inland",1943,24.973164,50.289883,57.6834673303857,-7.39358433038574,"DESCRIPTIVE OFFSET from the zoned display smoother; not a residual, not a test"
"U0248","inland",2090,25.72659,65.70051,58.3453272187079,7.35518278129212,"DESCRIPTIVE OFFSET from the zoned display smoother; not a residual, not a test"
"U0246","inland",1189,26.247746,63.785736,58.8394678662194,4.94626813378063,"DESCRIPTIVE OFFSET from the zoned display smoother; not a residual, not a test"
"U0109","inland",930,26.795698,60.059605,59.3635480026107,0.696056997389277,"DESCRIPTIVE OFFSET from the zoned display smoother; not a residual, not a test"
"U0205","inland",1001,27.489653,48.60634,59.9948008917747,-11.3884608917747,"DESCRIPTIVE OFFSET from the zoned display smoother; not a residual, not a test"
"U0186","inland",894,28.9837,50.284256,61.0783346284022,-10.7940786284022,"DESCRIPTIVE OFFSET from the zoned display smoother; not a residual, not a test"
"U0104","inland",3921,31.243486,59.8522,62.5225820149956,-2.6703820149956,"DESCRIPTIVE OFFSET from the zoned display smoother; not a residual, not a test"
"U0105","inland",1087,31.66776,62.546623,62.7721452488323,-0.225522248832263,"DESCRIPTIVE OFFSET from the zoned display smoother; not a residual, not a test"
"U0347","inland",2979,32.27929,66.729744,63.091960251047,3.63778374895302,"DESCRIPTIVE OFFSET from the zoned display smoother; not a residual, not a test"
"U0235","inland",2419,32.578987,63.656586,63.2464194981831,0.410166501816938,"DESCRIPTIVE OFFSET from the zoned display smoother; not a residual, not a test"
"U0214","inland",3218,34.67282,64.36848,64.7336255509984,-0.365145550998378,"DESCRIPTIVE OFFSET from the zoned display smoother; not a residual, not a test"
"U0163","inland",1473,40.465523,70.05533,69.0081854684036,1.04714453159637,"DESCRIPTIVE OFFSET from the zoned display smoother; not a residual, not a test"
"U0563","riverine",503,41.249645,57.182034,NA,NA,"outside the zoned water range for this community - no comparison, not extrapolated"
