file,name,kind,bytes,rows,carries_section7_columns,note,sha256_first50
Output/diag/analysis/DIAG1_between_parts.csv,DIAG1_between_parts.csv,csv,179546,345.0,yes,,77e3ef0aecd1497c187d930959110d994081c800b510c78004514a007126494a
Output/diag/analysis/DIAG1_part_year.csv,DIAG1_part_year.csv,csv,1203939,4025.0,yes,,1427adc27f162a7e520b44ac98249e9ae66da7472f7747dc2d61c8a3221f0d0c
Output/diag/analysis/DIAG1_patch_year.csv,DIAG1_patch_year.csv,csv,1317598,3253.0,yes,,f9d526890ca5bf781287dbc901b8366c3ec7308c388ac152abd37c1de3329a39
Output/diag/analysis/SPAT1_pairs.csv,SPAT1_pairs.csv,csv,1693581,6555.0,yes,,01b017c2478d99d15e44653541062086dc79738f52293adce48b4edb4a2e5962
Output/diag/analysis/SPAT1_part_centroids.csv,SPAT1_part_centroids.csv,csv,41980,115.0,yes,,b4dc30828a9e97b1636364b9580255033ba4cd5792173adb933095cb608f0c07
Output/diag/analysis/SPAT1_perm_draws.rds,SPAT1_perm_draws.rds,rds,1225019,,,,c4deaf20aa3dac840546894e0cc75755e00ba9312da5293e649084c20d6d1d55
Output/diag/DIAG1_between_pointwise.csv,DIAG1_between_pointwise.csv,csv,191862,345.0,yes,,6b7178120f7a1de3123573ccfadb3277a523027e284e11c1fe96910b139fccdd
Output/diag/DIAG1_carried_from_WITHIN1.csv,DIAG1_carried_from_WITHIN1.csv,csv,5464,10.0,yes,,f8179a37b149cb3209301fece51afc586e3c601d762d034983e802d71a558a2f
Output/diag/DIAG1_diagnostics.md,DIAG1_diagnostics.md,md,21988,,,,1a7be3adb833bc5383ee009b4ff7eeef7e991b90ef51d5cc4503979d56bf688e
Output/diag/DIAG1_fixture_2_1.txt,DIAG1_fixture_2_1.txt,txt,763,,,,a58045400bd26626878a0712da422d92f14ec2ae4f3566ea2619f5af4fd27a34
Output/diag/DIAG1_form_comparison.csv,DIAG1_form_comparison.csv,csv,472213,1095.0,yes,,84d0ae086680843ccb5d360364c7a9156d6705bd4c2986140514a88d9cb251a4
Output/diag/DIAG1_heteroscedasticity.csv,DIAG1_heteroscedasticity.csv,csv,18033,48.0,yes,,41c57effc8d6bd02a54d505d94d83623c3585f358d744b03756e7518d47e0087
Output/diag/DIAG1_influence.csv,DIAG1_influence.csv,csv,273503,537.0,yes,,48f7220c41e110c3edecdd0d624c0caf5b55598f7a50e8c12f6f3e65235cc5f7
Output/diag/DIAG1_inputs.csv,DIAG1_inputs.csv,csv,1278,7.0,exempt,"provenance ledger of file checksums; describes files, not estimates",665c114e7c510674271e7f8618c89ef27bae3f19ac6f55a9e6276448356aa28b
Output/diag/DIAG1_lag_fits.csv,DIAG1_lag_fits.csv,csv,5933,8.0,yes,,0ee15f4f2f9edd94159eb26dea686417e6e92b8f6de7c77fe1275d3d58a85247
Output/diag/DIAG1_local_z.csv,DIAG1_local_z.csv,csv,69613,115.0,yes,,38979140fe45606131cc7c14c2979f5f1cbddc5c97dab5a0b56ef12ce0e4085f
Output/diag/DIAG1_mean_vs_median_summary.csv,DIAG1_mean_vs_median_summary.csv,csv,2079,4.0,yes,,0f3d9f8e48c52756235584aaf0e8f4594a35f55548d5ed4aa9f8a004e7456835
Output/diag/DIAG1_part_series_summary.csv,DIAG1_part_series_summary.csv,csv,73783,115.0,yes,,7acdd17f9978be023bf456a3be35feaf3c688d5f1e398620edbabd2bc92c4253
Output/diag/DIAG1_reproduction_checks_stageA.csv,DIAG1_reproduction_checks_stageA.csv,csv,6375,50.0,exempt,check ledger; each row names its own target and section,a5dc473dd332d8ccca909d589b2adc54386fe6a2ce29147f11e41e94192ad5a4
Output/diag/DIAG1_reproduction_checks_stageC.csv,DIAG1_reproduction_checks_stageC.csv,csv,429,3.0,exempt,check ledger; each row names its own target and section,a5aa153deb82623aae97896379d7b16481b7e0485a025fbea08a233282b53a48
Output/diag/DIAG1_reproduction_checks_stageE.csv,DIAG1_reproduction_checks_stageE.csv,csv,425,2.0,exempt,check ledger; each row names its own target and section,26fd21becba875a3c3f65d58450509cea0e14eca3141b07cdf7efe7edfd30d9b
Output/diag/DIAG1_unzoned_between_not_applicable.csv,DIAG1_unzoned_between_not_applicable.csv,csv,607,1.0,exempt,"a recorded absence, not an estimate",5435da1393541dc9a1828eb169128c3cf0b3dc687168563ed1cffe78cae6c901
Output/diag/DIAG1_within_diagnostics.csv,DIAG1_within_diagnostics.csv,csv,113952,186.0,yes,,b1fad3f465a33815b29c17b7f04312a705cd37511a439abfe6fd6976b0ab5a32
Output/diag/DIAG1_within_pointwise.csv,DIAG1_within_pointwise.csv,csv,4446925,7278.0,yes,,1a8c453de311eba0bb1d73e0284eb85f62674c86d8666feba0d77a3fef8227b6
Output/diag/figures/DIAG1_A2_panels_cropping_era.png,DIAG1_A2_panels_cropping_era.png,png,470175,,,,27bb252d208f131e1bdd1ec96b2a70ffd0749003be8d63736ceca583866200e9
Output/diag/figures/DIAG1_A2_panels_post_management.png,DIAG1_A2_panels_post_management.png,png,472028,,,,8851b07cd71fd6064cca89228722575bb8f9b19b0fe3e6ce461b58b52cdc981d
Output/diag/figures/DIAG1_A2_panels_whole_record.png,DIAG1_A2_panels_whole_record.png,png,471289,,,,8d7bb42575f6ec182326a46d2b4490fa18c4f3c3386010ed4171d8d04c13efbb
Output/diag/figures/DIAG1_A3_heteroscedasticity.png,DIAG1_A3_heteroscedasticity.png,png,289739,,,,cbe95385ff42ff2d0da28e301dfab43eef067d744f0647ef5cf5520d22f24e0a
Output/diag/figures/DIAG1_A4_influence.png,DIAG1_A4_influence.png,png,205137,,,,2056aaa54a7bd74c6d32d1893f7fd1656cb97a1be6f8137c2fc8e14950b7fc1e
Output/diag/figures/DIAG1_A5_form.png,DIAG1_A5_form.png,png,276182,,,,829e8eb7ce07ac98ae825ce1ab3a5ea01d9eb5b48d44ac42575db02bd6b3f502
Output/diag/figures/DIAG1_C1_lag_and_series.png,DIAG1_C1_lag_and_series.png,png,212813,,,,5b4e0812169ca4939d8f999c89c6a0a53e04009b4fe4fae4b5edd0904b62d77b
Output/diag/figures/DIAG1_E1_within_parts.png,DIAG1_E1_within_parts.png,png,323022,,,,2239afc4132bbb97faeb29382be68e47b971d44bbf802297a96936b668a07358
Output/diag/figures/DIAG1_E2_within_patches.png,DIAG1_E2_within_patches.png,png,318980,,,,b026aa8bad9fdd5968a08df6829884d5188fc720ffe4618cc47fa0bc33ce19a1
Output/diag/figures/DIAG1_E3_within_findings.png,DIAG1_E3_within_findings.png,png,256365,,,,dc2472a1cc2a7b40b92cb4d68a879905875e9ffd08a6625f97b35c08d8f74100
Output/diag/figures/SPAT1_F1_correlogram_and_moran.png,SPAT1_F1_correlogram_and_moran.png,png,329720,,,,246d14ed1b16aefa66417345c98c3101c40b026f54eca3150daf78ec54ed61cd
Output/diag/figures/SPAT1_F2_residual_map_with_links.png,SPAT1_F2_residual_map_with_links.png,png,362137,,,,df23f6f665405b5f7e5be4a37f7ad9951795675e9dab165c2a1dcaa5a70de9a9
Output/diag/SPAT1_checks.csv,SPAT1_checks.csv,csv,586,3.0,exempt,check ledger; each row names its own target and section,569fa80f318a3e2e500dc402e16af89573d3410d18db9bded0dfe1f78926840b
Output/diag/SPAT1_correlogram.csv,SPAT1_correlogram.csv,csv,9686,18.0,yes,,8f22b48fbc67151d08d7a3b2f91aa816efa14cd09cc84fd1cbb75efac8abea84
Output/diag/SPAT1_findings.md,SPAT1_findings.md,md,11438,,,,05a7dd5e2fabd4e717acc696a91e4b8eaa44d606b5b9c5395c10976e43e38250
Output/diag/SPAT1_inputs.csv,SPAT1_inputs.csv,csv,773,4.0,exempt,"provenance ledger of file checksums; describes files, not estimates",156f900a6b3960952460576dd9d4845c4dc43d3a49c4488595a2afc10b857685
Output/diag/SPAT1_morans_i.csv,SPAT1_morans_i.csv,csv,22503,24.0,yes,,d975f6a5dde51fd48eb59e0379025fa46d5c4eba67783fec155695ab3420a835
Output/diag/SPAT1_scale_reference.csv,SPAT1_scale_reference.csv,csv,3162,6.0,yes,,fe3d99786f25f0a39fe977e9de747e4c23d9d3012898566ae9c5bcd985a594ee
