"part_id","zone_fid","zone_name","community_short","n_pixels_part","n_years","floor_mean","floor_median","floor_mean_minus_median","floor_skew_g1","floor_sd","floor_min","floor_max","water_mean","water_median","water_skew_g1","abs_mean_minus_median","between_residual_from_mean","between_residual_from_median","residual_shift_median_vs_mean","support_level","unit","period_label","weighting","estimand","cluster","source_sha256_first50","interval_status"
"43_inland",43,"Mara 18","inland",3580,35,71.8223374285017,76.4194591522217,-4.59712172372001,-1.30857751023525,13.9699557580691,31.38199634552,90.3554347991943,17.1604142857143,1.1173,1.77568153285629,4.59712172372001,9.73369730292581,12.6222983627436,2.8886010598178,"pixel","part (35 annual values per part)","1988-2022","pixel-weighted by the part's cell count","SERIES SUMMARY - describes each part's own annual series; not an estimate of anything across parts","zone_fid (paddock)","1427adc27f162a7e520b44ac98249e9ae66da7472f7747dc2d61c8a3221f0d0c","diagnostic - NOT registered, and nothing here is proposed for registration"
"58_inland",58,"Dinan 13","inland",7514,35,70.0403142084394,74.5276233673096,-4.48730915887016,-1.10112024815646,14.400559288419,23.6908411979675,91.0118961334228,46.3660142857143,32.5792,0.111149924681268,4.48730915887016,-8.03178366263425,-0.119261310775599,7.91252235185866,"pixel","part (35 annual values per part)","1988-2022","pixel-weighted by the part's cell count","SERIES SUMMARY - describes each part's own annual series; not an estimate of anything across parts","zone_fid (paddock)","1427adc27f162a7e520b44ac98249e9ae66da7472f7747dc2d61c8a3221f0d0c","diagnostic - NOT registered, and nothing here is proposed for registration"
"62_inland",62,"Dinan 1","inland",10042,35,69.4466031537737,73.139336013794,-3.69273286002023,-0.706841251164708,12.8933402830075,30.0507986068726,88.6101844787598,25.0906257142857,1.0357,0.860551357729293,3.69273286002023,3.01796661376244,9.37031521170731,6.35234859794488,"pixel","part (35 annual values per part)","1988-2022","pixel-weighted by the part's cell count","SERIES SUMMARY - describes each part's own annual series; not an estimate of anything across parts","zone_fid (paddock)","1427adc27f162a7e520b44ac98249e9ae66da7472f7747dc2d61c8a3221f0d0c","diagnostic - NOT registered, and nothing here is proposed for registration"
"06_riverine",6,"Bala 2","riverine",1956,35,63.6149391310556,67.2066955566406,-3.59175642558507,-0.427546102861786,19.0408213983091,19.468638420105,90.9830722808838,3.0222,0,4.83106653213644,3.59175642558507,9.26377231992995,3.79483878569739,-5.46893353423256,"pixel","part (35 annual values per part)","1988-2022","pixel-weighted by the part's cell count","SERIES SUMMARY - describes each part's own annual series; not an estimate of anything across parts","zone_fid (paddock)","1427adc27f162a7e520b44ac98249e9ae66da7472f7747dc2d61c8a3221f0d0c","diagnostic - NOT registered, and nothing here is proposed for registration"
"45_inland",45,"Mara 21","inland",10365,35,71.374516961234,74.9262252807617,-3.55170831952776,-1.0197174251909,11.9617482628673,34.165160369873,86.43837890625,44.0035742857143,33.5938,0.144256219616563,3.55170831952776,-5.40467955132375,-0.070547034668337,5.33413251665542,"pixel","part (35 annual values per part)","1988-2022","pixel-weighted by the part's cell count","SERIES SUMMARY - describes each part's own annual series; not an estimate of anything across parts","zone_fid (paddock)","1427adc27f162a7e520b44ac98249e9ae66da7472f7747dc2d61c8a3221f0d0c","diagnostic - NOT registered, and nothing here is proposed for registration"
"12_inland",12,"Bala 12","inland",15076,35,70.9974444253104,74.5041923522949,-3.50674792698452,-0.950721905261569,13.0797116658401,28.466197013855,88.2945308685303,40.34606,27.1027,0.336650521168868,3.50674792698452,-3.7800905894774,1.7458939603513,5.52598454982869,"pixel","part (35 annual values per part)","1988-2022","pixel-weighted by the part's cell count","SERIES SUMMARY - describes each part's own annual series; not an estimate of anything across parts","zone_fid (paddock)","1427adc27f162a7e520b44ac98249e9ae66da7472f7747dc2d61c8a3221f0d0c","diagnostic - NOT registered, and nothing here is proposed for registration"
"29_inland",29,"Mara 3","inland",5294,35,73.2409908403669,76.7448802947998,-3.50388945443289,-1.24674773758418,10.1326035495124,40.2772142410278,86.1375244140625,32.9796542857143,4.5334,0.72171128295585,3.50388945443289,2.49489618189705,11.7696679008137,9.27477171891667,"pixel","part (35 annual values per part)","1988-2022","pixel-weighted by the part's cell count","SERIES SUMMARY - describes each part's own annual series; not an estimate of anything across parts","zone_fid (paddock)","1427adc27f162a7e520b44ac98249e9ae66da7472f7747dc2d61c8a3221f0d0c","diagnostic - NOT registered, and nothing here is proposed for registration"
"57_riverine",57,"Dinan 10","riverine",944,35,45.2101518576486,41.9488037109375,3.26134814671109,0.406909566254422,13.5565969847526,17.7850741386414,74.9773010253906,6.21670571428571,1.8008,4.04842649151545,3.26134814671109,-10.8892840218077,-22.0840639582224,-11.1947799364148,"pixel","part (35 annual values per part)","1988-2022","pixel-weighted by the part's cell count","SERIES SUMMARY - describes each part's own annual series; not an estimate of anything across parts","zone_fid (paddock)","1427adc27f162a7e520b44ac98249e9ae66da7472f7747dc2d61c8a3221f0d0c","diagnostic - NOT registered, and nothing here is proposed for registration"
"04_aeolian",4,"Bala 29ca","aeolian",11848,35,29.3930168996538,26.2385565757751,3.1544603238787,0.634469460865872,8.30824555443589,15.7651456832886,46.9833417892456,2.81614,0.1604,3.3178907302265,3.1544603238787,-24.8453786859863,-37.2286145821483,-12.383235896162,"pixel","part (35 annual values per part)","1988-2022","pixel-weighted by the part's cell count","SERIES SUMMARY - describes each part's own annual series; not an estimate of anything across parts","zone_fid (paddock)","1427adc27f162a7e520b44ac98249e9ae66da7472f7747dc2d61c8a3221f0d0c","diagnostic - NOT registered, and nothing here is proposed for registration"
"61_inland",61,"Dinan 11","inland",2031,35,70.4037521634783,73.5234069824219,-3.11965481894357,-0.841511770062733,14.5748678400835,30.1995420455933,93.2745780944824,36.42822,2.2649,0.598119179931589,3.11965481894357,-2.22965192800639,9.33049313497321,11.5601450629796,"pixel","part (35 annual values per part)","1988-2022","pixel-weighted by the part's cell count","SERIES SUMMARY - describes each part's own annual series; not an estimate of anything across parts","zone_fid (paddock)","1427adc27f162a7e520b44ac98249e9ae66da7472f7747dc2d61c8a3221f0d0c","diagnostic - NOT registered, and nothing here is proposed for registration"
"25_inland",25,"Bala 8/11","inland",24831,35,72.1936353410993,75.2970733642578,-3.10343802315847,-1.27201405181692,10.2619973905907,35.773998260498,88.4712371826172,32.0082571428571,4.9857,0.671328784504977,3.10343802315847,1.97916082352555,10.1658840548656,8.18672323134003,"pixel","part (35 annual values per part)","1988-2022","pixel-weighted by the part's cell count","SERIES SUMMARY - describes each part's own annual series; not an estimate of anything across parts","zone_fid (paddock)","1427adc27f162a7e520b44ac98249e9ae66da7472f7747dc2d61c8a3221f0d0c","diagnostic - NOT registered, and nothing here is proposed for registration"
"63_riverine",63,"Dinan 4","riverine",4032,35,45.0570350183759,42.0687828063965,2.98825221197946,0.139766968205745,12.6592463954192,15.4821937561035,71.3684825897217,7.02026,0.496,3.36869063481537,2.98825221197946,-11.4821650149387,-21.5141209467299,-10.0319559317912,"pixel","part (35 annual values per part)","1988-2022","pixel-weighted by the part's cell count","SERIES SUMMARY - describes each part's own annual series; not an estimate of anything across parts","zone_fid (paddock)","1427adc27f162a7e520b44ac98249e9ae66da7472f7747dc2d61c8a3221f0d0c","diagnostic - NOT registered, and nothing here is proposed for registration"
"55_inland",55,"Dinan 8","inland",3724,35,60.9668756348746,63.8501028060913,-2.88322717121669,-0.80485278903976,15.224645124501,21.7010719299316,82.5199394226074,18.0696685714286,6.1493,1.83199515366002,2.88322717121669,-1.61937547817032,-1.68235720585809,-0.0629817276877702,"pixel","part (35 annual values per part)","1988-2022","pixel-weighted by the part's cell count","SERIES SUMMARY - describes each part's own annual series; not an estimate of anything across parts","zone_fid (paddock)","1427adc27f162a7e520b44ac98249e9ae66da7472f7747dc2d61c8a3221f0d0c","diagnostic - NOT registered, and nothing here is proposed for registration"
"22_inland",22,"Bala 24","inland",5667,35,70.4280144991194,73.2955665588379,-2.86755205971853,-0.969625367915642,13.8051729545992,26.2672735214233,88.2134666442871,23.7475085714286,5.1526,1.180790543249,2.86755205971853,4.73443069214936,8.10682131935216,3.3723906272028,"pixel","part (35 annual values per part)","1988-2022","pixel-weighted by the part's cell count","SERIES SUMMARY - describes each part's own annual series; not an estimate of anything across parts","zone_fid (paddock)","1427adc27f162a7e520b44ac98249e9ae66da7472f7747dc2d61c8a3221f0d0c","diagnostic - NOT registered, and nothing here is proposed for registration"
"06_inland",6,"Bala 2","inland",26087,35,69.5305507278442,72.332886505127,-2.80233577728271,-1.00189808833192,15.3477811832268,24.7447587966919,88.8585144042969,11.3494885714286,0.8855,2.22230951927538,2.80233577728271,10.6220776119005,8.6156625915966,-2.00641502030393,"pixel","part (35 annual values per part)","1988-2022","pixel-weighted by the part's cell count","SERIES SUMMARY - describes each part's own annual series; not an estimate of anything across parts","zone_fid (paddock)","1427adc27f162a7e520b44ac98249e9ae66da7472f7747dc2d61c8a3221f0d0c","diagnostic - NOT registered, and nothing here is proposed for registration"
"03_riverine",3,"Bala 28ca","riverine",3704,35,56.4097643607003,59.1500953674316,-2.7403310067313,-0.483911027099915,13.3353566772102,25.3316977500916,80.9973930358887,12.1567428571429,2.0788,2.5891048047822,2.7403310067313,-2.94049782191506,-4.97864137641967,-2.03814355450461,"pixel","part (35 annual values per part)","1988-2022","pixel-weighted by the part's cell count","SERIES SUMMARY - describes each part's own annual series; not an estimate of anything across parts","zone_fid (paddock)","1427adc27f162a7e520b44ac98249e9ae66da7472f7747dc2d61c8a3221f0d0c","diagnostic - NOT registered, and nothing here is proposed for registration"
"57_aeolian",57,"Dinan 10","aeolian",8780,35,35.8819838033404,33.165633392334,2.71635041100638,0.472672212609491,9.66102807098064,15.8050528526306,55.6982620239258,4.60234857142857,0.6948,3.85978942330529,2.71635041100638,-19.3339568156521,-30.4858270947804,-11.1518702791282,"pixel","part (35 annual values per part)","1988-2022","pixel-weighted by the part's cell count","SERIES SUMMARY - describes each part's own annual series; not an estimate of anything across parts","zone_fid (paddock)","1427adc27f162a7e520b44ac98249e9ae66da7472f7747dc2d61c8a3221f0d0c","diagnostic - NOT registered, and nothing here is proposed for registration"
"44_inland",44,"Mara 19","inland",4801,35,79.6881533704485,82.1282119750977,-2.44005860464914,-1.62555117345948,8.98543452369261,49.8202323913574,89.7241363525391,42.0674257142857,36.4924,0.245906951777858,2.44005860464914,3.96856011481533,6.13184937225596,2.16328925744062,"pixel","part (35 annual values per part)","1988-2022","pixel-weighted by the part's cell count","SERIES SUMMARY - describes each part's own annual series; not an estimate of anything across parts","zone_fid (paddock)","1427adc27f162a7e520b44ac98249e9ae66da7472f7747dc2d61c8a3221f0d0c","diagnostic - NOT registered, and nothing here is proposed for registration"
"03_inland",3,"Bala 28ca","inland",18272,35,76.073930783953,78.3861469268799,-2.3122161429269,-1.14176448433035,9.61888490069689,45.2089088439941,87.6402458190918,49.6821085714286,43.6405,0.0610383047138158,2.3122161429269,-3.81297838686463,-0.0752578802836297,3.737720506581,"pixel","part (35 annual values per part)","1988-2022","pixel-weighted by the part's cell count","SERIES SUMMARY - describes each part's own annual series; not an estimate of anything across parts","zone_fid (paddock)","1427adc27f162a7e520b44ac98249e9ae66da7472f7747dc2d61c8a3221f0d0c","diagnostic - NOT registered, and nothing here is proposed for registration"
"38_aeolian",38,"Mara 8","aeolian",1894,35,67.133016531808,69.4376487731934,-2.30463224138532,-0.938087921970848,12.8523271241801,32.1598880767822,85.4880409240723,3.97496285714286,0.528,3.00354161540303,2.30463224138532,12.2604276348968,5.84370973089383,-6.41671790400292,"pixel","part (35 annual values per part)","1988-2022","pixel-weighted by the part's cell count","SERIES SUMMARY - describes each part's own annual series; not an estimate of anything across parts","zone_fid (paddock)","1427adc27f162a7e520b44ac98249e9ae66da7472f7747dc2d61c8a3221f0d0c","diagnostic - NOT registered, and nothing here is proposed for registration"
"47_inland",47,"Mara 22","inland",6395,35,68.043181174142,70.339241027832,-2.29605985369001,-0.724018418355645,12.8951650087566,33.9255439758301,85.5621818542481,24.31096,7.2713,1.08462447202783,2.29605985369001,2.04123520032007,4.41985618925051,2.37862098893044,"pixel","part (35 annual values per part)","1988-2022","pixel-weighted by the part's cell count","SERIES SUMMARY - describes each part's own annual series; not an estimate of anything across parts","zone_fid (paddock)","1427adc27f162a7e520b44ac98249e9ae66da7472f7747dc2d61c8a3221f0d0c","diagnostic - NOT registered, and nothing here is proposed for registration"
"04_inland",4,"Bala 29ca","inland",12687,35,67.2828157479422,69.5630554199219,-2.28023967197964,-0.931070939140599,13.4973485677828,24.6820049285889,86.5161148071289,15.9200142857143,15.7721,1.77998923720674,2.28023967197964,5.87301396116153,0.712146012504036,-5.1608679486575,"pixel","part (35 annual values per part)","1988-2022","pixel-weighted by the part's cell count","SERIES SUMMARY - describes each part's own annual series; not an estimate of anything across parts","zone_fid (paddock)","1427adc27f162a7e520b44ac98249e9ae66da7472f7747dc2d61c8a3221f0d0c","diagnostic - NOT registered, and nothing here is proposed for registration"
"40_inland",40,"Mara 15","inland",16594,35,75.2795993096488,77.5120460510254,-2.23244674137661,-1.17880432301714,9.78901487061978,43.3206541061401,87.9920211791992,30.9320085714286,22.8938,0.688477105744168,2.23244674137661,5.65412736572804,6.20519855285356,0.551071187125515,"pixel","part (35 annual values per part)","1988-2022","pixel-weighted by the part's cell count","SERIES SUMMARY - describes each part's own annual series; not an estimate of anything across parts","zone_fid (paddock)","1427adc27f162a7e520b44ac98249e9ae66da7472f7747dc2d61c8a3221f0d0c","diagnostic - NOT registered, and nothing here is proposed for registration"
"38_inland",38,"Mara 8","inland",658,35,74.023756779262,76.2352546691895,-2.21149788992746,-1.35942732356492,8.76462832385028,44.2507646560669,85.2308044433594,40.8597514285714,39.5137,0.284503546174611,2.21149788992746,-1.03490806140836,-0.803011657987028,0.231896403421331,"pixel","part (35 annual values per part)","1988-2022","pixel-weighted by the part's cell count","SERIES SUMMARY - describes each part's own annual series; not an estimate of anything across parts","zone_fid (paddock)","1427adc27f162a7e520b44ac98249e9ae66da7472f7747dc2d61c8a3221f0d0c","diagnostic - NOT registered, and nothing here is proposed for registration"
"01_riverine",1,"Bala 26ca","riverine",636,35,56.0122083936419,53.8433570861816,2.16885130746024,-0.269043189351894,16.8186462403585,17.0150189399719,84.8083591461182,13.34232,0,2.14412092029766,2.16885130746024,-3.98688901806948,-9.5684996847616,-5.58161066669212,"pixel","part (35 annual values per part)","1988-2022","pixel-weighted by the part's cell count","SERIES SUMMARY - describes each part's own annual series; not an estimate of anything across parts","zone_fid (paddock)","1427adc27f162a7e520b44ac98249e9ae66da7472f7747dc2d61c8a3221f0d0c","diagnostic - NOT registered, and nothing here is proposed for registration"
"09_inland",9,"Bala 5","inland",22252,35,67.2968642915998,69.391185760498,-2.09432146889823,-0.864715702056859,16.1079211963405,20.9877264022827,89.516552734375,17.17008,6.2556,1.52790607679221,2.09432146889823,5.20293437448174,3.82206789732673,-1.380866477155,"pixel","part (35 annual values per part)","1988-2022","pixel-weighted by the part's cell count","SERIES SUMMARY - describes each part's own annual series; not an estimate of anything across parts","zone_fid (paddock)","1427adc27f162a7e520b44ac98249e9ae66da7472f7747dc2d61c8a3221f0d0c","diagnostic - NOT registered, and nothing here is proposed for registration"
"38_riverine",38,"Mara 8","riverine",1232,35,65.6664225360325,67.7487728118897,-2.08235027585711,-1.16924716711341,10.0441850717053,31.4649432182312,79.7200305938721,20.4522257142857,3.0844,1.33402711317365,2.08235027585711,1.77626048059672,3.27325210577339,1.49699162517668,"pixel","part (35 annual values per part)","1988-2022","pixel-weighted by the part's cell count","SERIES SUMMARY - describes each part's own annual series; not an estimate of anything across parts","zone_fid (paddock)","1427adc27f162a7e520b44ac98249e9ae66da7472f7747dc2d61c8a3221f0d0c","diagnostic - NOT registered, and nothing here is proposed for registration"
"21_riverine",21,"Bala 23","riverine",4486,35,62.7930126326425,64.8667621612549,-2.07374952861241,-0.80205560272149,15.4527992580161,16.4479870796204,84.5412063598633,29.65798,5.0825,0.810566138479235,2.07374952861241,-6.1352169386516,-0.297808897886,5.8374080407656,"pixel","part (35 annual values per part)","1988-2022","pixel-weighted by the part's cell count","SERIES SUMMARY - describes each part's own annual series; not an estimate of anything across parts","zone_fid (paddock)","1427adc27f162a7e520b44ac98249e9ae66da7472f7747dc2d61c8a3221f0d0c","diagnostic - NOT registered, and nothing here is proposed for registration"
"45_riverine",45,"Mara 21","riverine",3275,35,68.345949445452,70.4188522338867,-2.07290278843472,-1.03518340927392,12.1772370407072,32.8595966339111,88.4773124694824,33.2615057142857,8.1221,0.735610638418966,2.07290278843472,-2.55439509657032,4.20606664441517,6.76046174098549,"pixel","part (35 annual values per part)","1988-2022","pixel-weighted by the part's cell count","SERIES SUMMARY - describes each part's own annual series; not an estimate of anything across parts","zone_fid (paddock)","1427adc27f162a7e520b44ac98249e9ae66da7472f7747dc2d61c8a3221f0d0c","diagnostic - NOT registered, and nothing here is proposed for registration"
"04_riverine",4,"Bala 29ca","riverine",12141,35,34.6110993903024,32.5793647766113,2.03173461369106,0.359136879671191,8.90352091997697,18.8300483703613,53.4308280944824,6.37556857142857,2.1003,3.34617277081096,2.03173461369106,-21.5752779580664,-31.5567863021532,-9.98150834408677,"pixel","part (35 annual values per part)","1988-2022","pixel-weighted by the part's cell count","SERIES SUMMARY - describes each part's own annual series; not an estimate of anything across parts","zone_fid (paddock)","1427adc27f162a7e520b44ac98249e9ae66da7472f7747dc2d61c8a3221f0d0c","diagnostic - NOT registered, and nothing here is proposed for registration"
"31_aeolian",31,"Mara 13","aeolian",47,35,72.8043392835345,74.8232719421387,-2.01893265860421,-1.11327711809794,8.81086820373338,44.9932884216309,85.9869262695313,2.12766,0,5.17139353037393,2.01893265860421,18.9427307178021,11.4114151711954,-7.53131554660667,"pixel","part (35 annual values per part)","1988-2022","pixel-weighted by the part's cell count","SERIES SUMMARY - describes each part's own annual series; not an estimate of anything across parts","zone_fid (paddock)","1427adc27f162a7e520b44ac98249e9ae66da7472f7747dc2d61c8a3221f0d0c","diagnostic - NOT registered, and nothing here is proposed for registration"
"51_aeolian",51,"Dinan 3","aeolian",2417,35,63.5185692378453,65.4977523803711,-1.97918314252581,-0.714005804333212,12.4535261057497,25.9464740753174,85.2598510742187,0.997691428571429,0,5.24310640288694,1.97918314252581,10.2753627907193,2.08589560942786,-8.18946718129141,"pixel","part (35 annual values per part)","1988-2022","pixel-weighted by the part's cell count","SERIES SUMMARY - describes each part's own annual series; not an estimate of anything across parts","zone_fid (paddock)","1427adc27f162a7e520b44ac98249e9ae66da7472f7747dc2d61c8a3221f0d0c","diagnostic - NOT registered, and nothing here is proposed for registration"
"31_riverine",31,"Mara 13","riverine",1004,35,70.6374542999268,72.5505382537842,-1.91308395385742,-0.410134916811164,9.70113674134512,43.9212867736816,88.7256099700928,31.8383571428571,0.6972,0.813250999567556,1.91308395385742,0.515961589641989,8.89825011998184,8.38228853033985,"pixel","part (35 annual values per part)","1988-2022","pixel-weighted by the part's cell count","SERIES SUMMARY - describes each part's own annual series; not an estimate of anything across parts","zone_fid (paddock)","1427adc27f162a7e520b44ac98249e9ae66da7472f7747dc2d61c8a3221f0d0c","diagnostic - NOT registered, and nothing here is proposed for registration"
"21_inland",21,"Bala 23","inland",19883,35,73.4567107881819,75.3092315673828,-1.85252077920096,-1.03391943380336,13.3062656144642,30.167816734314,89.0900100708008,40.6220628571429,17.7589,0.387537194285909,1.85252077920096,-1.47187334063818,5.77316864342959,7.24504198406777,"pixel","part (35 annual values per part)","1988-2022","pixel-weighted by the part's cell count","SERIES SUMMARY - describes each part's own annual series; not an estimate of anything across parts","zone_fid (paddock)","1427adc27f162a7e520b44ac98249e9ae66da7472f7747dc2d61c8a3221f0d0c","diagnostic - NOT registered, and nothing here is proposed for registration"
"54_riverine",54,"Dinan 7","riverine",11273,35,58.6092431967599,60.4205635070801,-1.81132031032018,-0.308992290353153,15.2337789374672,16.7003051757812,89.4987869262695,8.67484,1.0734,2.8344416773359,1.81132031032018,1.1645349897886,-3.36145824506362,-4.52599323485222,"pixel","part (35 annual values per part)","1988-2022","pixel-weighted by the part's cell count","SERIES SUMMARY - describes each part's own annual series; not an estimate of anything across parts","zone_fid (paddock)","1427adc27f162a7e520b44ac98249e9ae66da7472f7747dc2d61c8a3221f0d0c","diagnostic - NOT registered, and nothing here is proposed for registration"
"62_riverine",62,"Dinan 1","riverine",1288,35,29.2834318474361,27.4769432067871,1.80648864064897,0.069288726114474,7.24483242202094,14.1740548610687,42.0778047561646,7.71960285714286,0.0776,3.24517296843272,1.80648864064897,-27.6385001621694,-35.9616741404009,-8.32317397823152,"pixel","part (35 annual values per part)","1988-2022","pixel-weighted by the part's cell count","SERIES SUMMARY - describes each part's own annual series; not an estimate of anything across parts","zone_fid (paddock)","1427adc27f162a7e520b44ac98249e9ae66da7472f7747dc2d61c8a3221f0d0c","diagnostic - NOT registered, and nothing here is proposed for registration"
"28_inland",28,"Mara 2","inland",1141,35,67.0098776681083,68.7917785644531,-1.78190089634487,-0.612714603322783,11.330580431056,37.1988677978516,83.5923690795898,20.8338457142857,3.2428,1.51075426593288,1.78190089634487,2.91086501056748,4.26163317692999,1.35076816636251,"pixel","part (35 annual values per part)","1988-2022","pixel-weighted by the part's cell count","SERIES SUMMARY - describes each part's own annual series; not an estimate of anything across parts","zone_fid (paddock)","1427adc27f162a7e520b44ac98249e9ae66da7472f7747dc2d61c8a3221f0d0c","diagnostic - NOT registered, and nothing here is proposed for registration"
"54_aeolian",54,"Dinan 7","aeolian",87,35,68.908942086356,70.6608795166016,-1.75193743024553,-0.762679187013771,12.9731171733256,29.5818412780762,90.9655212402344,2.85714857142857,0,2.41403871112778,1.75193743024553,14.6481035867325,7.24902274565833,-7.39908084107417,"pixel","part (35 annual values per part)","1988-2022","pixel-weighted by the part's cell count","SERIES SUMMARY - describes each part's own annual series; not an estimate of anything across parts","zone_fid (paddock)","1427adc27f162a7e520b44ac98249e9ae66da7472f7747dc2d61c8a3221f0d0c","diagnostic - NOT registered, and nothing here is proposed for registration"
"61_aeolian",61,"Dinan 11","aeolian",2003,35,66.5317351314,68.2725028991699,-1.74076776776995,-0.735365019687914,10.9887950081127,35.8840393066406,83.9922088623047,1.88860571428571,0.2496,4.97575386817697,1.74076776776995,12.8009546970737,4.77457087267643,-8.02638382439731,"pixel","part (35 annual values per part)","1988-2022","pixel-weighted by the part's cell count","SERIES SUMMARY - describes each part's own annual series; not an estimate of anything across parts","zone_fid (paddock)","1427adc27f162a7e520b44ac98249e9ae66da7472f7747dc2d61c8a3221f0d0c","diagnostic - NOT registered, and nothing here is proposed for registration"
"09_riverine",9,"Bala 5","riverine",2132,35,64.0709571429661,65.7794773101807,-1.70852016721453,-0.563434304063487,18.3331380592608,16.3207448959351,90.8420738220215,5.82149428571429,0,3.44425493500946,1.70852016721453,8.18781009747014,2.36762053923743,-5.82018955823271,"pixel","part (35 annual values per part)","1988-2022","pixel-weighted by the part's cell count","SERIES SUMMARY - describes each part's own annual series; not an estimate of anything across parts","zone_fid (paddock)","1427adc27f162a7e520b44ac98249e9ae66da7472f7747dc2d61c8a3221f0d0c","diagnostic - NOT registered, and nothing here is proposed for registration"
"56_riverine",56,"Dinan 9","riverine",4988,35,48.5841017723084,46.8798452377319,1.70425653457642,-0.180021643508266,13.2036822631529,17.2299373626709,69.7811111450195,9.17630285714286,0.3208,2.62091674088787,1.70425653457642,-9.13504388460677,-16.6426403071717,-7.50759642256494,"pixel","part (35 annual values per part)","1988-2022","pixel-weighted by the part's cell count","SERIES SUMMARY - describes each part's own annual series; not an estimate of anything across parts","zone_fid (paddock)","1427adc27f162a7e520b44ac98249e9ae66da7472f7747dc2d61c8a3221f0d0c","diagnostic - NOT registered, and nothing here is proposed for registration"
"13_inland",13,"Bala 13","inland",12762,35,74.2402790669033,75.9305656433105,-1.69028657640729,-1.27138586538592,10.8235273562265,36.9740436553955,89.8091495513916,30.2852257142857,8.5331,0.84148576432296,1.69028657640729,4.96877439185062,9.57604555852188,4.60727116667127,"pixel","part (35 annual values per part)","1988-2022","pixel-weighted by the part's cell count","SERIES SUMMARY - describes each part's own annual series; not an estimate of anything across parts","zone_fid (paddock)","1427adc27f162a7e520b44ac98249e9ae66da7472f7747dc2d61c8a3221f0d0c","diagnostic - NOT registered, and nothing here is proposed for registration"
"62_aeolian",62,"Dinan 1","aeolian",1197,35,56.6557672446115,55.0021331787109,1.65363406590053,-0.0245134151090236,13.9361608585542,22.9150806427002,84.0234161376953,2.53013428571429,0,5.53543838302479,1.65363406590053,2.57389507397583,-8.4097235922323,-10.9836186662081,"pixel","part (35 annual values per part)","1988-2022","pixel-weighted by the part's cell count","SERIES SUMMARY - describes each part's own annual series; not an estimate of anything across parts","zone_fid (paddock)","1427adc27f162a7e520b44ac98249e9ae66da7472f7747dc2d61c8a3221f0d0c","diagnostic - NOT registered, and nothing here is proposed for registration"
"17_inland",17,"Bala 19","inland",13332,35,73.0854903738839,74.7365627288818,-1.65107235499791,-1.73084512194377,9.76080113164263,34.815969657898,86.7118625640869,29.14834,2.1527,0.847353802190457,1.65107235499791,4.43617338803288,10.5823413640964,6.1461679760635,"pixel","part (35 annual values per part)","1988-2022","pixel-weighted by the part's cell count","SERIES SUMMARY - describes each part's own annual series; not an estimate of anything across parts","zone_fid (paddock)","1427adc27f162a7e520b44ac98249e9ae66da7472f7747dc2d61c8a3221f0d0c","diagnostic - NOT registered, and nothing here is proposed for registration"
"53_riverine",53,"Dinan 6","riverine",811,35,67.3887127740043,68.9905586242676,-1.60184585026332,-0.757130491875142,11.9116490150146,29.6603803634644,90.1540184020996,18.3019171428571,1.4797,1.6426345573594,1.60184585026332,4.67535811821818,5.06842318490406,0.393065066685885,"pixel","part (35 annual values per part)","1988-2022","pixel-weighted by the part's cell count","SERIES SUMMARY - describes each part's own annual series; not an estimate of anything across parts","zone_fid (paddock)","1427adc27f162a7e520b44ac98249e9ae66da7472f7747dc2d61c8a3221f0d0c","diagnostic - NOT registered, and nothing here is proposed for registration"
"18_inland",18,"Bala 20","inland",9651,35,77.7881699698312,79.3852462768555,-1.59707630702428,-1.43877938109094,9.36628650842196,45.8035831451416,88.3852310180664,42.1288771428571,28.5255,0.319826590313005,1.59707630702428,2.0349459614666,6.13629134005251,4.1013453785859,"pixel","part (35 annual values per part)","1988-2022","pixel-weighted by the part's cell count","SERIES SUMMARY - describes each part's own annual series; not an estimate of anything across parts","zone_fid (paddock)","1427adc27f162a7e520b44ac98249e9ae66da7472f7747dc2d61c8a3221f0d0c","diagnostic - NOT registered, and nothing here is proposed for registration"
"37_riverine",37,"Mara 7","riverine",686,35,67.1214199120658,68.7103137969971,-1.5888938849313,-0.98970422149444,11.0275751429239,33.6196708679199,80.4793643951416,14.2190771428571,0.5831,1.79855532188131,1.5888938849313,6.64249634557861,5.0973733661526,-1.54512297942601,"pixel","part (35 annual values per part)","1988-2022","pixel-weighted by the part's cell count","SERIES SUMMARY - describes each part's own annual series; not an estimate of anything across parts","zone_fid (paddock)","1427adc27f162a7e520b44ac98249e9ae66da7472f7747dc2d61c8a3221f0d0c","diagnostic - NOT registered, and nothing here is proposed for registration"
"18_aeolian",18,"Bala 20","aeolian",157,35,53.3220114898682,54.8616142272949,-1.53960273742675,0.192670473151745,15.7184251086078,19.6092552185059,90.536686706543,19.7088285714286,14.6497,1.48530611065444,1.53960273742675,-10.1613088358658,-13.6022324123761,-3.44092357651034,"pixel","part (35 annual values per part)","1988-2022","pixel-weighted by the part's cell count","SERIES SUMMARY - describes each part's own annual series; not an estimate of anything across parts","zone_fid (paddock)","1427adc27f162a7e520b44ac98249e9ae66da7472f7747dc2d61c8a3221f0d0c","diagnostic - NOT registered, and nothing here is proposed for registration"
"36_inland",36,"Mara 6","inland",10314,35,78.981861604963,80.4868389129639,-1.50497730800083,-0.892890647288221,6.98568593410213,60.4263813018799,90.9490982055664,36.9038,5.4295,0.574708176745126,1.50497730800083,6.08818507139175,15.2026039368521,9.11441886546032,"pixel","part (35 annual values per part)","1988-2022","pixel-weighted by the part's cell count","SERIES SUMMARY - describes each part's own annual series; not an estimate of anything across parts","zone_fid (paddock)","1427adc27f162a7e520b44ac98249e9ae66da7472f7747dc2d61c8a3221f0d0c","diagnostic - NOT registered, and nothing here is proposed for registration"
"11_inland",11,"Bala 9","inland",4101,35,64.9800057547433,63.4784278869629,1.50157786778041,-0.888432417865859,11.1682294578358,28.3013534545898,82.1477737426758,23.3859371428571,4.2673,1.31271830497846,1.50157786778041,-0.515699506654926,-1.40501918049306,-0.889319673838131,"pixel","part (35 annual values per part)","1988-2022","pixel-weighted by the part's cell count","SERIES SUMMARY - describes each part's own annual series; not an estimate of anything across parts","zone_fid (paddock)","1427adc27f162a7e520b44ac98249e9ae66da7472f7747dc2d61c8a3221f0d0c","diagnostic - NOT registered, and nothing here is proposed for registration"
"23_inland",23,"Bala 25","inland",9115,35,68.9355041231428,70.3477729797363,-1.41226885659354,-0.820623829059342,14.4823077992538,26.3538618087769,88.3273384094238,32.3833485714286,11.9473,0.609750799217983,1.41226885659354,-1.48424808087705,2.81585651073431,4.30010459161136,"pixel","part (35 annual values per part)","1988-2022","pixel-weighted by the part's cell count","SERIES SUMMARY - describes each part's own annual series; not an estimate of anything across parts","zone_fid (paddock)","1427adc27f162a7e520b44ac98249e9ae66da7472f7747dc2d61c8a3221f0d0c","diagnostic - NOT registered, and nothing here is proposed for registration"
"18_riverine",18,"Bala 20","riverine",2845,35,62.4434850856236,63.8430404663086,-1.39955538068499,-0.491574807334625,16.1433884627194,21.6787528991699,84.878857421875,22.7968885714286,5.413,1.43205762337126,1.39955538068499,-2.7298493649892,-1.4355044388233,1.2943449261659,"pixel","part (35 annual values per part)","1988-2022","pixel-weighted by the part's cell count","SERIES SUMMARY - describes each part's own annual series; not an estimate of anything across parts","zone_fid (paddock)","1427adc27f162a7e520b44ac98249e9ae66da7472f7747dc2d61c8a3221f0d0c","diagnostic - NOT registered, and nothing here is proposed for registration"
"32_riverine",32,"Mara 12","riverine",230,35,77.0804886354719,78.4745517730713,-1.39406313759939,-0.578151653123418,8.46316913730306,54.2676889419556,92.3427505493164,21.0062142857143,0.8696,1.34982767092284,1.39406313759939,12.8871431863404,14.7628110188488,1.87566783250839,"pixel","part (35 annual values per part)","1988-2022","pixel-weighted by the part's cell count","SERIES SUMMARY - describes each part's own annual series; not an estimate of anything across parts","zone_fid (paddock)","1427adc27f162a7e520b44ac98249e9ae66da7472f7747dc2d61c8a3221f0d0c","diagnostic - NOT registered, and nothing here is proposed for registration"
"27_inland",27,"Mara 1","inland",588,35,76.2611248397827,77.6504070281982,-1.38928218841554,-1.49861340888969,9.63862809076153,40.2338661193848,88.5311748504639,26.4868828571429,5.2721,0.991842557462246,1.38928218841554,9.06835344054215,12.4204518807067,3.35209844016454,"pixel","part (35 annual values per part)","1988-2022","pixel-weighted by the part's cell count","SERIES SUMMARY - describes each part's own annual series; not an estimate of anything across parts","zone_fid (paddock)","1427adc27f162a7e520b44ac98249e9ae66da7472f7747dc2d61c8a3221f0d0c","diagnostic - NOT registered, and nothing here is proposed for registration"
"05_riverine",5,"Bala 1","riverine",318,35,64.0971492658343,65.4641357421875,-1.36698647635323,-0.426797460151364,18.0982418019032,16.8565285682678,89.4130111694336,4.34860571428571,0,3.01529823447714,1.36698647635323,9.02007544757055,2.05227897124426,-6.96779647632629,"pixel","part (35 annual values per part)","1988-2022","pixel-weighted by the part's cell count","SERIES SUMMARY - describes each part's own annual series; not an estimate of anything across parts","zone_fid (paddock)","1427adc27f162a7e520b44ac98249e9ae66da7472f7747dc2d61c8a3221f0d0c","diagnostic - NOT registered, and nothing here is proposed for registration"
"37_inland",37,"Mara 7","inland",13575,35,75.7746406664167,77.1114822387695,-1.33684157235281,-1.40668426067334,8.81922250209767,46.2469753265381,87.1878326416016,33.5703285714286,4.3315,0.669428607487837,1.33684157235281,4.70528548643502,12.20589562241,7.50061013597501,"pixel","part (35 annual values per part)","1988-2022","pixel-weighted by the part's cell count","SERIES SUMMARY - describes each part's own annual series; not an estimate of anything across parts","zone_fid (paddock)","1427adc27f162a7e520b44ac98249e9ae66da7472f7747dc2d61c8a3221f0d0c","diagnostic - NOT registered, and nothing here is proposed for registration"
"32_inland",32,"Mara 12","inland",3923,35,76.1595253862653,77.4743705749512,-1.31484518868582,-1.03115629218711,7.51971804016081,53.615567779541,89.0778427124023,36.8843142857143,14.3513,0.560950192171894,1.31484518868582,3.27651287229739,9.11342800681935,5.83691513452196,"pixel","part (35 annual values per part)","1988-2022","pixel-weighted by the part's cell count","SERIES SUMMARY - describes each part's own annual series; not an estimate of anything across parts","zone_fid (paddock)","1427adc27f162a7e520b44ac98249e9ae66da7472f7747dc2d61c8a3221f0d0c","diagnostic - NOT registered, and nothing here is proposed for registration"
"10_riverine",10,"Bala 6","riverine",13478,35,65.7905723135812,67.077587890625,-1.2870155770438,-0.514677259262727,17.4607173969887,19.8748468399048,90.1270782470703,3.12106571428571,0.0074,2.22046933175719,1.2870155770438,11.3852988939023,3.66317920906048,-7.72211968484181,"pixel","part (35 annual values per part)","1988-2022","pixel-weighted by the part's cell count","SERIES SUMMARY - describes each part's own annual series; not an estimate of anything across parts","zone_fid (paddock)","1427adc27f162a7e520b44ac98249e9ae66da7472f7747dc2d61c8a3221f0d0c","diagnostic - NOT registered, and nothing here is proposed for registration"
"27_riverine",27,"Mara 1","riverine",262,35,59.5113956424168,60.759285736084,-1.24789009366717,-0.275840592424476,15.0876269931756,25.4193873405457,85.9070976257324,6.34678285714286,0.3817,3.51033989991506,1.24789009366717,3.34077195937112,-2.78420134352724,-6.12497330289837,"pixel","part (35 annual values per part)","1988-2022","pixel-weighted by the part's cell count","SERIES SUMMARY - describes each part's own annual series; not an estimate of anything across parts","zone_fid (paddock)","1427adc27f162a7e520b44ac98249e9ae66da7472f7747dc2d61c8a3221f0d0c","diagnostic - NOT registered, and nothing here is proposed for registration"
"19_inland",19,"Bala 21","inland",10258,35,75.5130897467477,76.7506141662598,-1.23752441951207,-1.76364956064854,9.16730149455448,41.0467128753662,87.8669914245606,40.38994,4.611,0.369238077373364,1.23752441951207,0.711540360542358,11.7486411960289,11.0371008354865,"pixel","part (35 annual values per part)","1988-2022","pixel-weighted by the part's cell count","SERIES SUMMARY - describes each part's own annual series; not an estimate of anything across parts","zone_fid (paddock)","1427adc27f162a7e520b44ac98249e9ae66da7472f7747dc2d61c8a3221f0d0c","diagnostic - NOT registered, and nothing here is proposed for registration"
"49_inland",49,"Mara 5a","inland",1842,35,78.0895657185146,79.3173927307129,-1.22782701219832,-1.18018694048773,5.62732782550105,60.68271484375,87.7622932434082,41.1586742857143,26.873,0.350200481352067,1.22782701219832,2.86730824984457,6.638307023865,3.77099877402043,"pixel","part (35 annual values per part)","1988-2022","pixel-weighted by the part's cell count","SERIES SUMMARY - describes each part's own annual series; not an estimate of anything across parts","zone_fid (paddock)","1427adc27f162a7e520b44ac98249e9ae66da7472f7747dc2d61c8a3221f0d0c","diagnostic - NOT registered, and nothing here is proposed for registration"
"63_aeolian",63,"Dinan 4","aeolian",70,35,61.6282646615165,60.4527624130249,1.17550224849156,-0.916765577717237,11.2704776330327,22.3238960266113,82.3338687896728,4.32653142857143,0,4.84219932850908,1.17550224849156,6.56327152000571,-2.95909435791834,-9.52236587792405,"pixel","part (35 annual values per part)","1988-2022","pixel-weighted by the part's cell count","SERIES SUMMARY - describes each part's own annual series; not an estimate of anything across parts","zone_fid (paddock)","1427adc27f162a7e520b44ac98249e9ae66da7472f7747dc2d61c8a3221f0d0c","diagnostic - NOT registered, and nothing here is proposed for registration"
"57_inland",57,"Dinan 10","inland",3765,35,58.735527103969,59.9022827148438,-1.16675561087472,-0.416570464493538,11.5705908954058,26.1482543945312,79.2654281616211,5.9298,0.239,3.88864033999206,1.16675561087472,2.79310718587732,-3.59199387211115,-6.38510105798846,"pixel","part (35 annual values per part)","1988-2022","pixel-weighted by the part's cell count","SERIES SUMMARY - describes each part's own annual series; not an estimate of anything across parts","zone_fid (paddock)","1427adc27f162a7e520b44ac98249e9ae66da7472f7747dc2d61c8a3221f0d0c","diagnostic - NOT registered, and nothing here is proposed for registration"
"30_inland",30,"Mara 10","inland",3992,35,73.7462979234968,74.909464263916,-1.16316634041922,-1.29413472961701,8.40783293342927,45.0214847564697,83.9828536987305,29.8990857142857,0.3257,0.83278682335932,1.16316634041922,4.6861175278237,11.3852889403577,6.69917141253404,"pixel","part (35 annual values per part)","1988-2022","pixel-weighted by the part's cell count","SERIES SUMMARY - describes each part's own annual series; not an estimate of anything across parts","zone_fid (paddock)","1427adc27f162a7e520b44ac98249e9ae66da7472f7747dc2d61c8a3221f0d0c","diagnostic - NOT registered, and nothing here is proposed for registration"
"24_inland",24,"Bala 7/10","inland",3938,35,75.2548671068464,76.3785762786865,-1.12370917184012,-1.08042934823757,9.76357221029278,42.2973926544189,90.1894161224365,35.5343542857143,22.321,0.824555558398159,1.12370917184012,3.1106522418948,5.26926045671333,2.15860821481853,"pixel","part (35 annual values per part)","1988-2022","pixel-weighted by the part's cell count","SERIES SUMMARY - describes each part's own annual series; not an estimate of anything across parts","zone_fid (paddock)","1427adc27f162a7e520b44ac98249e9ae66da7472f7747dc2d61c8a3221f0d0c","diagnostic - NOT registered, and nothing here is proposed for registration"
"51_riverine",51,"Dinan 3","riverine",2674,35,41.6523783302307,40.5422805786133,1.11009775161743,-0.0343756780010397,11.0403754471016,17.6903873443604,64.2604381561279,13.5099971428571,1.0471,1.8504845966534,1.11009775161743,-18.4384843774425,-23.2306715452413,-4.7921871677988,"pixel","part (35 annual values per part)","1988-2022","pixel-weighted by the part's cell count","SERIES SUMMARY - describes each part's own annual series; not an estimate of anything across parts","zone_fid (paddock)","1427adc27f162a7e520b44ac98249e9ae66da7472f7747dc2d61c8a3221f0d0c","diagnostic - NOT registered, and nothing here is proposed for registration"
"42_inland",42,"Mara 17","inland",4586,35,77.7391150283813,78.8424186706543,-1.10330364227295,-0.919133573208,8.08648222189578,56.1608104705811,90.6065216064453,31.2136257142857,2.5294,0.74755787666228,1.10330364227295,7.95952141932567,14.5582912611341,6.59876984180848,"pixel","part (35 annual values per part)","1988-2022","pixel-weighted by the part's cell count","SERIES SUMMARY - describes each part's own annual series; not an estimate of anything across parts","zone_fid (paddock)","1427adc27f162a7e520b44ac98249e9ae66da7472f7747dc2d61c8a3221f0d0c","diagnostic - NOT registered, and nothing here is proposed for registration"
"56_inland",56,"Dinan 9","inland",16588,35,59.8413252476283,58.7671407699585,1.07418447766985,-0.375659555470096,14.0099761956327,25.9305156707764,85.7501178741455,12.0930828571429,0.2291,2.49685368437343,1.07418447766985,0.525902510875355,-4.72372177440847,-5.24962428528382,"pixel","part (35 annual values per part)","1988-2022","pixel-weighted by the part's cell count","SERIES SUMMARY - describes each part's own annual series; not an estimate of anything across parts","zone_fid (paddock)","1427adc27f162a7e520b44ac98249e9ae66da7472f7747dc2d61c8a3221f0d0c","diagnostic - NOT registered, and nothing here is proposed for registration"
"52_inland",52,"Dinan 2","inland",12823,35,76.5479298836844,77.6043113708496,-1.05638148716518,-1.26297308742245,10.6268600857042,39.2812557220459,88.724488067627,32.1270971428571,1.8794,0.671515586184673,1.05638148716518,6.26841735564433,13.5443382726582,7.27592091701391,"pixel","part (35 annual values per part)","1988-2022","pixel-weighted by the part's cell count","SERIES SUMMARY - describes each part's own annual series; not an estimate of anything across parts","zone_fid (paddock)","1427adc27f162a7e520b44ac98249e9ae66da7472f7747dc2d61c8a3221f0d0c","diagnostic - NOT registered, and nothing here is proposed for registration"
"59_riverine",59,"Dinan 12","riverine",22024,35,61.7063142558507,62.7205333709717,-1.01421911512102,-0.719879855007857,10.4701370001449,33.8904560089111,79.2829566955566,17.6545142857143,9.0447,1.62449375130342,1.01421911512102,-0.652733821352641,-3.81041339947205,-3.15767957811941,"pixel","part (35 annual values per part)","1988-2022","pixel-weighted by the part's cell count","SERIES SUMMARY - describes each part's own annual series; not an estimate of anything across parts","zone_fid (paddock)","1427adc27f162a7e520b44ac98249e9ae66da7472f7747dc2d61c8a3221f0d0c","diagnostic - NOT registered, and nothing here is proposed for registration"
"59_aeolian",59,"Dinan 12","aeolian",4464,35,61.5144621167864,62.5039018630981,-0.989439746311731,-0.830656125241376,10.734004699312,32.650403213501,77.1397537231445,2.2043,0.0672,5.27579462730277,0.989439746311731,7.61091049213336,-0.931129015108624,-8.54203950724199,"pixel","part (35 annual values per part)","1988-2022","pixel-weighted by the part's cell count","SERIES SUMMARY - describes each part's own annual series; not an estimate of anything across parts","zone_fid (paddock)","1427adc27f162a7e520b44ac98249e9ae66da7472f7747dc2d61c8a3221f0d0c","diagnostic - NOT registered, and nothing here is proposed for registration"
"55_riverine",55,"Dinan 8","riverine",22565,35,48.2164041355678,47.2294494628906,0.986954672677172,0.0411982337857051,13.5440533161271,15.7312818527222,76.2955749511719,16.3212314285714,4.9236,1.40688668175899,0.986954672677172,-13.4129732548515,-17.88032448845,-4.46735123359857,"pixel","part (35 annual values per part)","1988-2022","pixel-weighted by the part's cell count","SERIES SUMMARY - describes each part's own annual series; not an estimate of anything across parts","zone_fid (paddock)","1427adc27f162a7e520b44ac98249e9ae66da7472f7747dc2d61c8a3221f0d0c","diagnostic - NOT registered, and nothing here is proposed for registration"
"25_riverine",25,"Bala 8/11","riverine",49,35,58.2560237012591,59.2396141052246,-0.983590403965543,0.0368673771566506,12.668996446078,26.0228343963623,85.5669464111328,14.9854142857143,2.0408,2.0671363051077,0.983590403965543,-2.64229605437205,-4.87601823273364,-2.23372217836158,"pixel","part (35 annual values per part)","1988-2022","pixel-weighted by the part's cell count","SERIES SUMMARY - describes each part's own annual series; not an estimate of anything across parts","zone_fid (paddock)","1427adc27f162a7e520b44ac98249e9ae66da7472f7747dc2d61c8a3221f0d0c","diagnostic - NOT registered, and nothing here is proposed for registration"
"61_riverine",61,"Dinan 11","riverine",5522,35,55.6646787234715,54.7498651504517,0.914813573019842,-0.137161136814098,12.5572626144967,24.8773167610168,79.4835693359375,23.2089771428571,10.7751,1.28616622937921,0.914813573019842,-9.73418097808055,-12.3778148820279,-2.64363390394738,"pixel","part (35 annual values per part)","1988-2022","pixel-weighted by the part's cell count","SERIES SUMMARY - describes each part's own annual series; not an estimate of anything across parts","zone_fid (paddock)","1427adc27f162a7e520b44ac98249e9ae66da7472f7747dc2d61c8a3221f0d0c","diagnostic - NOT registered, and nothing here is proposed for registration"
"48_riverine",48,"Mara 4","riverine",197,35,61.1347959027972,62.0287460327148,-0.893950129917691,-0.298921595240551,14.6980828999888,26.4621711730957,86.2350677490234,12.4002857142857,0,2.36083634482939,0.893950129917691,1.6512491115327,-1.3831107382284,-3.0343598497611,"pixel","part (35 annual values per part)","1988-2022","pixel-weighted by the part's cell count","SERIES SUMMARY - describes each part's own annual series; not an estimate of anything across parts","zone_fid (paddock)","1427adc27f162a7e520b44ac98249e9ae66da7472f7747dc2d61c8a3221f0d0c","diagnostic - NOT registered, and nothing here is proposed for registration"
"07_inland",7,"Bala 3","inland",20725,35,63.8278942653111,64.7155181884766,-0.887623923165457,-0.402593637283658,16.2103970048515,23.0225883483887,89.8617858886719,11.5934542857143,2.8999,2.26334436058365,0.887623923165457,4.78590512211112,0.303622821499019,-4.4822823006121,"pixel","part (35 annual values per part)","1988-2022","pixel-weighted by the part's cell count","SERIES SUMMARY - describes each part's own annual series; not an estimate of anything across parts","zone_fid (paddock)","1427adc27f162a7e520b44ac98249e9ae66da7472f7747dc2d61c8a3221f0d0c","diagnostic - NOT registered, and nothing here is proposed for registration"
"16_inland",16,"Bala 18","inland",11473,35,79.3075171334403,80.1834182739258,-0.875901140485496,-1.94906883385183,5.9276152803079,55.0706237792969,87.5273666381836,45.8749085714286,41.3841,0.175816881415086,0.875901140485496,1.5041885200726,2.50013929458109,0.995950774508486,"pixel","part (35 annual values per part)","1988-2022","pixel-weighted by the part's cell count","SERIES SUMMARY - describes each part's own annual series; not an estimate of anything across parts","zone_fid (paddock)","1427adc27f162a7e520b44ac98249e9ae66da7472f7747dc2d61c8a3221f0d0c","diagnostic - NOT registered, and nothing here is proposed for registration"
"35_inland",35,"Mara 9","inland",4952,35,74.9536776787894,75.8076438903809,-0.853966211591441,-0.994261582730256,8.63044901827322,50.063719367981,86.4157894134521,33.5489257142857,18.437,0.704810673734665,0.853966211591441,3.89603572033977,6.03773629179373,2.14170057145397,"pixel","part (35 annual values per part)","1988-2022","pixel-weighted by the part's cell count","SERIES SUMMARY - describes each part's own annual series; not an estimate of anything across parts","zone_fid (paddock)","1427adc27f162a7e520b44ac98249e9ae66da7472f7747dc2d61c8a3221f0d0c","diagnostic - NOT registered, and nothing here is proposed for registration"
"48_aeolian",48,"Mara 4","aeolian",33,35,65.2729729352679,64.4695602416992,0.803412693568646,-0.21289000025581,10.221553357938,38.9740936279297,84.7235961914062,1.81818285714286,0,5.39252820069239,0.803412693568646,11.5807330808804,1.05770347075597,-10.5230296101244,"pixel","part (35 annual values per part)","1988-2022","pixel-weighted by the part's cell count","SERIES SUMMARY - describes each part's own annual series; not an estimate of anything across parts","zone_fid (paddock)","1427adc27f162a7e520b44ac98249e9ae66da7472f7747dc2d61c8a3221f0d0c","diagnostic - NOT registered, and nothing here is proposed for registration"
"26_inland",26,"Bala 14/16","inland",8576,35,79.2770300183977,78.5253898620605,0.751640156337189,-0.276835024850578,4.72034758479146,66.0668411254883,87.6217155456543,38.6387228571429,26.7957,0.47334921779965,0.751640156337189,5.43387577579665,5.87296127562144,0.439085499824785,"pixel","part (35 annual values per part)","1988-2022","pixel-weighted by the part's cell count","SERIES SUMMARY - describes each part's own annual series; not an estimate of anything across parts","zone_fid (paddock)","1427adc27f162a7e520b44ac98249e9ae66da7472f7747dc2d61c8a3221f0d0c","diagnostic - NOT registered, and nothing here is proposed for registration"
"26_riverine",26,"Bala 14/16","riverine",199,35,63.0337092481341,63.7507110595703,-0.717001811436255,-0.37386986372854,13.9502189415911,30.1159809112549,88.6633918762207,12.6633171428571,0.5025,2.39077566694615,0.717001811436255,3.40621226497802,0.165565763330612,-3.24064650164741,"pixel","part (35 annual values per part)","1988-2022","pixel-weighted by the part's cell count","SERIES SUMMARY - describes each part's own annual series; not an estimate of anything across parts","zone_fid (paddock)","1427adc27f162a7e520b44ac98249e9ae66da7472f7747dc2d61c8a3221f0d0c","diagnostic - NOT registered, and nothing here is proposed for registration"
"12_riverine",12,"Bala 12","riverine",495,35,57.9721449443272,57.2581951141358,0.713949830191467,-0.165197737989824,14.7701930990418,22.4853212356567,84.9495941162109,17.0505028571429,3.0303,1.69495477952991,0.713949830191467,-4.05634354340113,-7.19866905622221,-3.14232551282107,"pixel","part (35 annual values per part)","1988-2022","pixel-weighted by the part's cell count","SERIES SUMMARY - describes each part's own annual series; not an estimate of anything across parts","zone_fid (paddock)","1427adc27f162a7e520b44ac98249e9ae66da7472f7747dc2d61c8a3221f0d0c","diagnostic - NOT registered, and nothing here is proposed for registration"
"31_inland",31,"Mara 13","inland",784,35,68.1295343290057,68.8431137084961,-0.71357937949044,-0.252648334091697,11.5989641463202,41.1086374282837,90.2152565002441,31.1151657142857,0.1276,0.804139870445174,0.71357937949044,-1.59617470826853,5.38725372197508,6.98342843024361,"pixel","part (35 annual values per part)","1988-2022","pixel-weighted by the part's cell count","SERIES SUMMARY - describes each part's own annual series; not an estimate of anything across parts","zone_fid (paddock)","1427adc27f162a7e520b44ac98249e9ae66da7472f7747dc2d61c8a3221f0d0c","diagnostic - NOT registered, and nothing here is proposed for registration"
"60_riverine",60,"Dinan 14","riverine",166,35,71.6550012043544,72.3618907928467,-0.70688958849226,-0.981362829725577,10.9386974572198,35.5100336074829,89.9557666778564,10.1721171428571,0,2.95919581730587,0.70688958849226,13.3908725456151,8.95003402190344,-4.44083852371163,"pixel","part (35 annual values per part)","1988-2022","pixel-weighted by the part's cell count","SERIES SUMMARY - describes each part's own annual series; not an estimate of anything across parts","zone_fid (paddock)","1427adc27f162a7e520b44ac98249e9ae66da7472f7747dc2d61c8a3221f0d0c","diagnostic - NOT registered, and nothing here is proposed for registration"
"58_aeolian",58,"Dinan 13","aeolian",1004,35,45.3977120535714,44.7076627731323,0.690049280439105,-0.0411393403339349,11.1586805279389,19.0169691085815,67.6620922088623,3.77062285714286,0.2988,4.66383213013037,0.690049280439105,-9.36304692867573,-18.8072360104648,-9.44418908178908,"pixel","part (35 annual values per part)","1988-2022","pixel-weighted by the part's cell count","SERIES SUMMARY - describes each part's own annual series; not an estimate of anything across parts","zone_fid (paddock)","1427adc27f162a7e520b44ac98249e9ae66da7472f7747dc2d61c8a3221f0d0c","diagnostic - NOT registered, and nothing here is proposed for registration"
"48_inland",48,"Mara 4","inland",720,35,76.2205847222464,76.9020309448242,-0.681446222577776,-0.42974466691788,6.86628451947029,58.0576313018799,91.0098571777344,30.4603257142857,12.9167,0.884553435111249,0.681446222577776,6.85325241649163,9.03581418443433,2.1825617679427,"pixel","part (35 annual values per part)","1988-2022","pixel-weighted by the part's cell count","SERIES SUMMARY - describes each part's own annual series; not an estimate of anything across parts","zone_fid (paddock)","1427adc27f162a7e520b44ac98249e9ae66da7472f7747dc2d61c8a3221f0d0c","diagnostic - NOT registered, and nothing here is proposed for registration"
"51_inland",51,"Dinan 3","inland",4499,35,72.8266493770054,72.1555564880371,0.671092888968332,-0.795642271790956,10.9965312362008,37.6945796966553,89.1683387756348,25.1058914285714,3.1785,1.23902524150009,0.671092888968332,6.38965831254541,7.64758513469619,1.25792682215078,"pixel","part (35 annual values per part)","1988-2022","pixel-weighted by the part's cell count","SERIES SUMMARY - describes each part's own annual series; not an estimate of anything across parts","zone_fid (paddock)","1427adc27f162a7e520b44ac98249e9ae66da7472f7747dc2d61c8a3221f0d0c","diagnostic - NOT registered, and nothing here is proposed for registration"
"28_riverine",28,"Mara 2","riverine",844,35,58.7116803523472,59.3445686340332,-0.632888281685965,-0.306763981856342,13.1311231577321,29.7058086395264,78.2693340301514,12.3696714285714,2.0142,1.92884309252352,0.632888281685965,-0.75511204448177,-4.76189061979989,-4.00677857531812,"pixel","part (35 annual values per part)","1988-2022","pixel-weighted by the part's cell count","SERIES SUMMARY - describes each part's own annual series; not an estimate of anything across parts","zone_fid (paddock)","1427adc27f162a7e520b44ac98249e9ae66da7472f7747dc2d61c8a3221f0d0c","diagnostic - NOT registered, and nothing here is proposed for registration"
"05_inland",5,"Bala 1","inland",9808,35,70.9871280779157,71.584525680542,-0.597397602626245,-0.742691541531333,12.630173948007,34.3696954727173,90.5099864959717,15.61582,5.21,2.07123183027296,0.597397602626245,9.74380383352882,6.37598589110199,-3.36781794242683,"pixel","part (35 annual values per part)","1988-2022","pixel-weighted by the part's cell count","SERIES SUMMARY - describes each part's own annual series; not an estimate of anything across parts","zone_fid (paddock)","1427adc27f162a7e520b44ac98249e9ae66da7472f7747dc2d61c8a3221f0d0c","diagnostic - NOT registered, and nothing here is proposed for registration"
"58_riverine",58,"Dinan 13","riverine",11694,35,48.3620063972473,47.7740238189697,0.587982578277582,-0.618603595920582,11.6752944761573,20.3873099327087,67.1724151611328,18.2635828571429,5.7294,1.32793505843535,0.587982578277582,-14.3303689108822,-17.6136325078613,-3.28326359697905,"pixel","part (35 annual values per part)","1988-2022","pixel-weighted by the part's cell count","SERIES SUMMARY - describes each part's own annual series; not an estimate of anything across parts","zone_fid (paddock)","1427adc27f162a7e520b44ac98249e9ae66da7472f7747dc2d61c8a3221f0d0c","diagnostic - NOT registered, and nothing here is proposed for registration"
"24_riverine",24,"Bala 7/10","riverine",43,35,55.7393792397635,55.1537357330322,0.585643506731309,0.427291126350178,15.169213246384,26.1369651794434,89.6518997192383,20.5980114285714,2.3256,1.57755633603537,0.585643506731309,-8.23056750779239,-9.06011067856668,-0.829543170774294,"pixel","part (35 annual values per part)","1988-2022","pixel-weighted by the part's cell count","SERIES SUMMARY - describes each part's own annual series; not an estimate of anything across parts","zone_fid (paddock)","1427adc27f162a7e520b44ac98249e9ae66da7472f7747dc2d61c8a3221f0d0c","diagnostic - NOT registered, and nothing here is proposed for registration"
"64_inland",64,"Dinan 5","inland",4463,35,68.3658988680158,68.9450531005859,-0.579154232570104,-0.95700247611119,11.960783762911,30.6261117935181,85.1446029663086,27.8499342857143,8.9178,0.856059109773975,0.579154232570104,0.427165224770306,2.45786814876931,2.030702923999,"pixel","part (35 annual values per part)","1988-2022","pixel-weighted by the part's cell count","SERIES SUMMARY - describes each part's own annual series; not an estimate of anything across parts","zone_fid (paddock)","1427adc27f162a7e520b44ac98249e9ae66da7472f7747dc2d61c8a3221f0d0c","diagnostic - NOT registered, and nothing here is proposed for registration"
"14_inland",14,"Bala 15","inland",8452,35,49.0540262140547,49.6256414413452,-0.571615227290565,-0.072727518506048,14.8371989596502,20.592538356781,76.3645244598389,25.6013771428571,14.1268,0.659757045018392,0.571615227290565,-17.6541311670633,-18.6578816761815,-1.00375050911824,"pixel","part (35 annual values per part)","1988-2022","pixel-weighted by the part's cell count","SERIES SUMMARY - describes each part's own annual series; not an estimate of anything across parts","zone_fid (paddock)","1427adc27f162a7e520b44ac98249e9ae66da7472f7747dc2d61c8a3221f0d0c","diagnostic - NOT registered, and nothing here is proposed for registration"
"55_aeolian",55,"Dinan 8","aeolian",16554,35,49.4177456392561,49.9714448928833,-0.553699253627229,-0.486111997768866,11.1784841726769,19.0701643943787,67.9868621826172,6.06103142857143,2.1505,1.33921127103315,0.553699253627229,-6.59649379267727,-14.1820177957715,-7.58552400309424,"pixel","part (35 annual values per part)","1988-2022","pixel-weighted by the part's cell count","SERIES SUMMARY - describes each part's own annual series; not an estimate of anything across parts","zone_fid (paddock)","1427adc27f162a7e520b44ac98249e9ae66da7472f7747dc2d61c8a3221f0d0c","diagnostic - NOT registered, and nothing here is proposed for registration"
"16_riverine",16,"Bala 18","riverine",623,35,77.4999770900181,78.0434867858887,-0.54350969587054,-0.935046588636869,7.17963086999192,52.9897277832031,90.6964347839355,28.56226,8.1862,0.890894796644476,0.54350969587054,9.17140629378422,11.8085961327922,2.63718983900803,"pixel","part (35 annual values per part)","1988-2022","pixel-weighted by the part's cell count","SERIES SUMMARY - describes each part's own annual series; not an estimate of anything across parts","zone_fid (paddock)","1427adc27f162a7e520b44ac98249e9ae66da7472f7747dc2d61c8a3221f0d0c","diagnostic - NOT registered, and nothing here is proposed for registration"
"46_inland",46,"Mara 20","inland",2397,35,72.2302963256836,71.7016784667969,0.528617858886719,-0.534465904295172,11.5485579450024,43.5939674377441,90.6213714599609,29.6596885714286,0.4172,0.744217048547184,0.528617858886719,3.3011316981252,8.14594911325923,4.84481741513403,"pixel","part (35 annual values per part)","1988-2022","pixel-weighted by the part's cell count","SERIES SUMMARY - describes each part's own annual series; not an estimate of anything across parts","zone_fid (paddock)","1427adc27f162a7e520b44ac98249e9ae66da7472f7747dc2d61c8a3221f0d0c","diagnostic - NOT registered, and nothing here is proposed for registration"
"10_inland",10,"Bala 6","inland",18947,35,73.5743519319807,73.0944427490234,0.479909182957243,-1.17992737113774,13.2483575469622,28.335125541687,90.0744667053223,15.8261085714286,0.7706,1.65660289498046,0.479909182957243,12.2159422760361,9.41684242068028,-2.79909985535578,"pixel","part (35 annual values per part)","1988-2022","pixel-weighted by the part's cell count","SERIES SUMMARY - describes each part's own annual series; not an estimate of anything across parts","zone_fid (paddock)","1427adc27f162a7e520b44ac98249e9ae66da7472f7747dc2d61c8a3221f0d0c","diagnostic - NOT registered, and nothing here is proposed for registration"
"39_inland",39,"Mara 11","inland",14841,35,64.228583254133,63.7599411010742,0.468642153058738,-0.724903811644137,14.1749613653553,19.963098526001,86.5091552734375,8.24280571428571,0.0741,2.90566574280969,0.468642153058738,7.02031606362154,0.3225307386395,-6.69778532498204,"pixel","part (35 annual values per part)","1988-2022","pixel-weighted by the part's cell count","SERIES SUMMARY - describes each part's own annual series; not an estimate of anything across parts","zone_fid (paddock)","1427adc27f162a7e520b44ac98249e9ae66da7472f7747dc2d61c8a3221f0d0c","diagnostic - NOT registered, and nothing here is proposed for registration"
"01_inland",1,"Bala 26ca","inland",32399,35,70.204722202846,70.6040435791016,-0.399321376255571,-1.08787594334828,11.3852712663566,34.0139614105225,84.605297088623,45.9191428571429,45.3995,-0.081694413705241,0.399321376255571,-7.62281467320477,-8.46395727979628,-0.841142606591504,"pixel","part (35 annual values per part)","1988-2022","pixel-weighted by the part's cell count","SERIES SUMMARY - describes each part's own annual series; not an estimate of anything across parts","zone_fid (paddock)","1427adc27f162a7e520b44ac98249e9ae66da7472f7747dc2d61c8a3221f0d0c","diagnostic - NOT registered, and nothing here is proposed for registration"
"64_riverine",64,"Dinan 5","riverine",2615,35,63.3960401644026,63.058931350708,0.337108813694549,-0.780743291284029,11.9382318356772,27.6425241470337,82.3573104858398,19.0548971428571,1.5679,1.18066339492316,0.337108813694549,0.270599332910272,-0.893620104438888,-1.16421943734916,"pixel","part (35 annual values per part)","1988-2022","pixel-weighted by the part's cell count","SERIES SUMMARY - describes each part's own annual series; not an estimate of anything across parts","zone_fid (paddock)","1427adc27f162a7e520b44ac98249e9ae66da7472f7747dc2d61c8a3221f0d0c","diagnostic - NOT registered, and nothing here is proposed for registration"
"34_inland",34,"Mara 5","inland",5075,35,77.0864196777344,76.7915451049805,0.294874572753898,-1.53153896420043,6.92815291897741,53.0843788146973,85.9468460083008,44.8788114285714,34.1084,0.172134732343396,0.294874572753898,-0.171771133524544,1.61731154553537,1.78908267905992,"pixel","part (35 annual values per part)","1988-2022","pixel-weighted by the part's cell count","SERIES SUMMARY - describes each part's own annual series; not an estimate of anything across parts","zone_fid (paddock)","1427adc27f162a7e520b44ac98249e9ae66da7472f7747dc2d61c8a3221f0d0c","diagnostic - NOT registered, and nothing here is proposed for registration"
"41_inland",41,"Mara 16","inland",10926,35,77.1365010779244,77.4312705993652,-0.294769521440784,-1.47110862874562,8.17865445136502,47.5560750961304,88.7789573669434,42.9497085714286,35.1821,0.24765244488175,0.294769521440784,0.934057589229113,1.88676860288368,0.952711013654564,"pixel","part (35 annual values per part)","1988-2022","pixel-weighted by the part's cell count","SERIES SUMMARY - describes each part's own annual series; not an estimate of anything across parts","zone_fid (paddock)","1427adc27f162a7e520b44ac98249e9ae66da7472f7747dc2d61c8a3221f0d0c","diagnostic - NOT registered, and nothing here is proposed for registration"
"63_inland",63,"Dinan 4","inland",6777,35,67.4173359462193,67.6907562255859,-0.273420279366633,-0.81096097759498,13.5079975234738,25.4037635803223,85.7402053833008,24.9840885714286,0.8706,1.05551456001628,0.273420279366633,1.04700438611542,3.97867061857681,2.9316662324614,"pixel","part (35 annual values per part)","1988-2022","pixel-weighted by the part's cell count","SERIES SUMMARY - describes each part's own annual series; not an estimate of anything across parts","zone_fid (paddock)","1427adc27f162a7e520b44ac98249e9ae66da7472f7747dc2d61c8a3221f0d0c","diagnostic - NOT registered, and nothing here is proposed for registration"
"37_aeolian",37,"Mara 7","aeolian",615,35,65.9166760090419,65.644660949707,0.27201505933489,-0.95219434224907,12.7927491392191,28.4353616714478,85.4991340637207,1.52380857142857,0,5.35774894596473,0.27201505933489,12.3855394689872,2.23280417876379,-10.1527352902234,"pixel","part (35 annual values per part)","1988-2022","pixel-weighted by the part's cell count","SERIES SUMMARY - describes each part's own annual series; not an estimate of anything across parts","zone_fid (paddock)","1427adc27f162a7e520b44ac98249e9ae66da7472f7747dc2d61c8a3221f0d0c","diagnostic - NOT registered, and nothing here is proposed for registration"
"15_inland",15,"Bala 17","inland",11970,35,73.9329936000279,74.1987739562988,-0.265780356270923,-0.795779256933198,8.16246340081077,47.5710653305054,87.6454471588135,27.4156771428571,1.2531,0.95933856220348,0.265780356270923,6.23191748456939,10.3547821583924,4.12286467382299,"pixel","part (35 annual values per part)","1988-2022","pixel-weighted by the part's cell count","SERIES SUMMARY - describes each part's own annual series; not an estimate of anything across parts","zone_fid (paddock)","1427adc27f162a7e520b44ac98249e9ae66da7472f7747dc2d61c8a3221f0d0c","diagnostic - NOT registered, and nothing here is proposed for registration"
"02_inland",2,"Bala 27ca","inland",23908,35,68.0117206736973,68.2543121337891,-0.242591460091731,-1.00203104981709,11.8027660805334,29.7746700286865,86.8290355682373,29.6902371428571,7.0813,0.749086413233952,0.242591460091731,-0.934162384594018,2.40044932467288,3.33461170926689,"pixel","part (35 annual values per part)","1988-2022","pixel-weighted by the part's cell count","SERIES SUMMARY - describes each part's own annual series; not an estimate of anything across parts","zone_fid (paddock)","1427adc27f162a7e520b44ac98249e9ae66da7472f7747dc2d61c8a3221f0d0c","diagnostic - NOT registered, and nothing here is proposed for registration"
"08_inland",8,"Bala 4","inland",5578,35,76.4973147256034,76.7168655395508,-0.219550813947407,-1.20063753705783,8.78295299784565,46.0068778991699,89.8625350952148,26.64498,8.3542,1.16931308473226,0.219550813947407,9.21802091276606,10.4240396182955,1.20601870552946,"pixel","part (35 annual values per part)","1988-2022","pixel-weighted by the part's cell count","SERIES SUMMARY - describes each part's own annual series; not an estimate of anything across parts","zone_fid (paddock)","1427adc27f162a7e520b44ac98249e9ae66da7472f7747dc2d61c8a3221f0d0c","diagnostic - NOT registered, and nothing here is proposed for registration"
"53_inland",53,"Dinan 6","inland",6016,35,61.9881264686585,61.7970161437988,0.191110324859622,-0.343999289657479,14.7277322581997,25.3308320045471,87.1509590148926,22.3883885714286,1.6124,1.33449670324631,0.191110324859622,-2.96164666189807,-2.17088126035442,0.790765401543652,"pixel","part (35 annual values per part)","1988-2022","pixel-weighted by the part's cell count","SERIES SUMMARY - describes each part's own annual series; not an estimate of anything across parts","zone_fid (paddock)","1427adc27f162a7e520b44ac98249e9ae66da7472f7747dc2d61c8a3221f0d0c","diagnostic - NOT registered, and nothing here is proposed for registration"
"39_riverine",39,"Mara 11","riverine",353,35,49.2640022059849,49.410693359375,-0.146691153390073,-0.617320793331584,11.0165193467239,18.1132102966309,68.5752899169922,6.74221142857143,0,3.647031851095,0.146691153390073,-7.12302914760309,-14.0011634115682,-6.87813426396514,"pixel","part (35 annual values per part)","1988-2022","pixel-weighted by the part's cell count","SERIES SUMMARY - describes each part's own annual series; not an estimate of anything across parts","zone_fid (paddock)","1427adc27f162a7e520b44ac98249e9ae66da7472f7747dc2d61c8a3221f0d0c","diagnostic - NOT registered, and nothing here is proposed for registration"
"56_aeolian",56,"Dinan 9","aeolian",5730,35,51.4882773453849,51.3594841003418,0.12879324504307,-0.234532111905146,12.2810179287013,22.7325281143188,74.2854148864746,11.8668685714286,9.2845,2.57245335324712,0.12879324504307,-7.70334425469768,-15.2541583683429,-7.55081411364523,"pixel","part (35 annual values per part)","1988-2022","pixel-weighted by the part's cell count","SERIES SUMMARY - describes each part's own annual series; not an estimate of anything across parts","zone_fid (paddock)","1427adc27f162a7e520b44ac98249e9ae66da7472f7747dc2d61c8a3221f0d0c","diagnostic - NOT registered, and nothing here is proposed for registration"
"60_aeolian",60,"Dinan 14","aeolian",7555,35,60.7968902914865,60.6942081451416,0.102682146344868,-0.149167143248154,12.8283486696152,34.0765705108643,83.9626663208008,1.52746285714286,0.0529,4.83129405262213,0.102682146344868,7.26375385684629,-2.73589133821593,-9.99964519506222,"pixel","part (35 annual values per part)","1988-2022","pixel-weighted by the part's cell count","SERIES SUMMARY - describes each part's own annual series; not an estimate of anything across parts","zone_fid (paddock)","1427adc27f162a7e520b44ac98249e9ae66da7472f7747dc2d61c8a3221f0d0c","diagnostic - NOT registered, and nothing here is proposed for registration"
"50_inland",50,"Mara 22a","inland",1595,35,76.0127161298479,75.9244689941406,0.0882471357073058,-1.59051332135902,7.71250558381647,46.4105449676514,86.1747024536133,48.0877742857143,36.489,0.182338010467943,0.0882471357073058,-3.001655764286,-0.0707211092264259,2.93093465505957,"pixel","part (35 annual values per part)","1988-2022","pixel-weighted by the part's cell count","SERIES SUMMARY - describes each part's own annual series; not an estimate of anything across parts","zone_fid (paddock)","1427adc27f162a7e520b44ac98249e9ae66da7472f7747dc2d61c8a3221f0d0c","diagnostic - NOT registered, and nothing here is proposed for registration"
"33_inland",33,"Mara 14","inland",16075,35,76.9292237418039,76.9936462402344,-0.0644224984305168,-0.913105616146387,7.65198091984862,55.0711994171143,90.9219543457031,42.3146828571429,31.0233,0.307111011263461,0.0644224984305168,1.07431314651215,2.88331801291294,1.80900486640078,"pixel","part (35 annual values per part)","1988-2022","pixel-weighted by the part's cell count","SERIES SUMMARY - describes each part's own annual series; not an estimate of anything across parts","zone_fid (paddock)","1427adc27f162a7e520b44ac98249e9ae66da7472f7747dc2d61c8a3221f0d0c","diagnostic - NOT registered, and nothing here is proposed for registration"
"52_riverine",52,"Dinan 2","riverine",1060,35,44.3083108956473,44.3697786331177,-0.0614677374703589,-0.118505752537445,11.6357263700209,17.5505342483521,67.1308177947998,11.4986514285714,0.0943,2.2450002652987,0.0614677374703589,-14.6817951339958,-19.0745977556076,-4.39280262161174,"pixel","part (35 annual values per part)","1988-2022","pixel-weighted by the part's cell count","SERIES SUMMARY - describes each part's own annual series; not an estimate of anything across parts","zone_fid (paddock)","1427adc27f162a7e520b44ac98249e9ae66da7472f7747dc2d61c8a3221f0d0c","diagnostic - NOT registered, and nothing here is proposed for registration"
"20_inland",20,"Bala 22","inland",5266,35,84.0552551814488,84.0933589935303,-0.0381038120814736,-0.36199908117821,4.11905810928937,73.682674407959,93.0305671691894,58.8975085714286,73.7942,-0.269152663010726,0.0381038120814736,-0.875000351294617,-4.7666332867322,-3.89163293543758,"pixel","part (35 annual values per part)","1988-2022","pixel-weighted by the part's cell count","SERIES SUMMARY - describes each part's own annual series; not an estimate of anything across parts","zone_fid (paddock)","1427adc27f162a7e520b44ac98249e9ae66da7472f7747dc2d61c8a3221f0d0c","diagnostic - NOT registered, and nothing here is proposed for registration"
