"part_id","zone_fid","paddock_name","community_short","n_pixels_part","x_inund_mean","residual","water_quartile","local_residual_sd","residual_z_local","rank_pooled","rank_local","rank_movement","support_level","unit","period_label","weighting","estimand","cluster","source_sha256_first50","interval_status","note"
"62_riverine",62,"Dinan 1","riverine",1288,7.71960285714286,-27.6385001621694,1,12.8110143844197,-2.15740138390464,1,3,2,"pixel","part (paddock x community)","1988-2022","pixel-weighted by the part's cell count","BETWEEN-UNIT (across parts)","zone_fid (paddock)","77e3ef0aecd1497c187d930959110d994081c800b510c78004514a007126494a","diagnostic - NOT registered, and nothing here is proposed for registration","residual_z_local = residual / SD of the residuals in this part's water quartile. ADDITIONAL COLUMN. It does not replace the published residual and the shipped GeoPackage and CSV are not edited."
"04_aeolian",4,"Bala 29ca","aeolian",11848,2.81614,-24.8453786859863,1,12.8110143844197,-1.93937637882933,2,6,4,"pixel","part (paddock x community)","1988-2022","pixel-weighted by the part's cell count","BETWEEN-UNIT (across parts)","zone_fid (paddock)","77e3ef0aecd1497c187d930959110d994081c800b510c78004514a007126494a","diagnostic - NOT registered, and nothing here is proposed for registration","residual_z_local = residual / SD of the residuals in this part's water quartile. ADDITIONAL COLUMN. It does not replace the published residual and the shipped GeoPackage and CSV are not edited."
"04_riverine",4,"Bala 29ca","riverine",12141,6.37556857142857,-21.5752779580664,1,12.8110143844197,-1.68411940777347,3,9,6,"pixel","part (paddock x community)","1988-2022","pixel-weighted by the part's cell count","BETWEEN-UNIT (across parts)","zone_fid (paddock)","77e3ef0aecd1497c187d930959110d994081c800b510c78004514a007126494a","diagnostic - NOT registered, and nothing here is proposed for registration","residual_z_local = residual / SD of the residuals in this part's water quartile. ADDITIONAL COLUMN. It does not replace the published residual and the shipped GeoPackage and CSV are not edited."
"57_aeolian",57,"Dinan 10","aeolian",8780,4.60234857142857,-19.3339568156521,1,12.8110143844197,-1.50916674007996,4,12,8,"pixel","part (paddock x community)","1988-2022","pixel-weighted by the part's cell count","BETWEEN-UNIT (across parts)","zone_fid (paddock)","77e3ef0aecd1497c187d930959110d994081c800b510c78004514a007126494a","diagnostic - NOT registered, and nothing here is proposed for registration","residual_z_local = residual / SD of the residuals in this part's water quartile. ADDITIONAL COLUMN. It does not replace the published residual and the shipped GeoPackage and CSV are not edited."
"51_riverine",51,"Dinan 3","riverine",2674,13.5099971428571,-18.4384843774425,2,8.48562122135004,-2.17290919503345,5,2,-3,"pixel","part (paddock x community)","1988-2022","pixel-weighted by the part's cell count","BETWEEN-UNIT (across parts)","zone_fid (paddock)","77e3ef0aecd1497c187d930959110d994081c800b510c78004514a007126494a","diagnostic - NOT registered, and nothing here is proposed for registration","residual_z_local = residual / SD of the residuals in this part's water quartile. ADDITIONAL COLUMN. It does not replace the published residual and the shipped GeoPackage and CSV are not edited."
"14_inland",14,"Bala 15","inland",8452,25.6013771428571,-17.6541311670633,3,6.33433521519219,-2.78705350558679,6,1,-5,"pixel","part (paddock x community)","1988-2022","pixel-weighted by the part's cell count","BETWEEN-UNIT (across parts)","zone_fid (paddock)","77e3ef0aecd1497c187d930959110d994081c800b510c78004514a007126494a","diagnostic - NOT registered, and nothing here is proposed for registration","residual_z_local = residual / SD of the residuals in this part's water quartile. ADDITIONAL COLUMN. It does not replace the published residual and the shipped GeoPackage and CSV are not edited."
"52_riverine",52,"Dinan 2","riverine",1060,11.4986514285714,-14.6817951339958,2,8.48562122135004,-1.73019685312562,7,7,0,"pixel","part (paddock x community)","1988-2022","pixel-weighted by the part's cell count","BETWEEN-UNIT (across parts)","zone_fid (paddock)","77e3ef0aecd1497c187d930959110d994081c800b510c78004514a007126494a","diagnostic - NOT registered, and nothing here is proposed for registration","residual_z_local = residual / SD of the residuals in this part's water quartile. ADDITIONAL COLUMN. It does not replace the published residual and the shipped GeoPackage and CSV are not edited."
"58_riverine",58,"Dinan 13","riverine",11694,18.2635828571429,-14.3303689108822,2,8.48562122135004,-1.6887825342506,8,8,0,"pixel","part (paddock x community)","1988-2022","pixel-weighted by the part's cell count","BETWEEN-UNIT (across parts)","zone_fid (paddock)","77e3ef0aecd1497c187d930959110d994081c800b510c78004514a007126494a","diagnostic - NOT registered, and nothing here is proposed for registration","residual_z_local = residual / SD of the residuals in this part's water quartile. ADDITIONAL COLUMN. It does not replace the published residual and the shipped GeoPackage and CSV are not edited."
"55_riverine",55,"Dinan 8","riverine",22565,16.3212314285714,-13.4129732548515,2,8.48562122135004,-1.58067074937355,9,10,1,"pixel","part (paddock x community)","1988-2022","pixel-weighted by the part's cell count","BETWEEN-UNIT (across parts)","zone_fid (paddock)","77e3ef0aecd1497c187d930959110d994081c800b510c78004514a007126494a","diagnostic - NOT registered, and nothing here is proposed for registration","residual_z_local = residual / SD of the residuals in this part's water quartile. ADDITIONAL COLUMN. It does not replace the published residual and the shipped GeoPackage and CSV are not edited."
"63_riverine",63,"Dinan 4","riverine",4032,7.02026,-11.4821650149387,1,12.8110143844197,-0.896272900052545,10,20,10,"pixel","part (paddock x community)","1988-2022","pixel-weighted by the part's cell count","BETWEEN-UNIT (across parts)","zone_fid (paddock)","77e3ef0aecd1497c187d930959110d994081c800b510c78004514a007126494a","diagnostic - NOT registered, and nothing here is proposed for registration","residual_z_local = residual / SD of the residuals in this part's water quartile. ADDITIONAL COLUMN. It does not replace the published residual and the shipped GeoPackage and CSV are not edited."
"57_riverine",57,"Dinan 10","riverine",944,6.21670571428571,-10.8892840218077,1,12.8110143844197,-0.849993895491274,11,21,10,"pixel","part (paddock x community)","1988-2022","pixel-weighted by the part's cell count","BETWEEN-UNIT (across parts)","zone_fid (paddock)","77e3ef0aecd1497c187d930959110d994081c800b510c78004514a007126494a","diagnostic - NOT registered, and nothing here is proposed for registration","residual_z_local = residual / SD of the residuals in this part's water quartile. ADDITIONAL COLUMN. It does not replace the published residual and the shipped GeoPackage and CSV are not edited."
"18_aeolian",18,"Bala 20","aeolian",157,19.7088285714286,-10.1613088358658,2,8.48562122135004,-1.19747377013479,12,14,2,"pixel","part (paddock x community)","1988-2022","pixel-weighted by the part's cell count","BETWEEN-UNIT (across parts)","zone_fid (paddock)","77e3ef0aecd1497c187d930959110d994081c800b510c78004514a007126494a","diagnostic - NOT registered, and nothing here is proposed for registration","residual_z_local = residual / SD of the residuals in this part's water quartile. ADDITIONAL COLUMN. It does not replace the published residual and the shipped GeoPackage and CSV are not edited."
"61_riverine",61,"Dinan 11","riverine",5522,23.2089771428571,-9.73418097808055,3,6.33433521519219,-1.53673284526121,13,11,-2,"pixel","part (paddock x community)","1988-2022","pixel-weighted by the part's cell count","BETWEEN-UNIT (across parts)","zone_fid (paddock)","77e3ef0aecd1497c187d930959110d994081c800b510c78004514a007126494a","diagnostic - NOT registered, and nothing here is proposed for registration","residual_z_local = residual / SD of the residuals in this part's water quartile. ADDITIONAL COLUMN. It does not replace the published residual and the shipped GeoPackage and CSV are not edited."
"58_aeolian",58,"Dinan 13","aeolian",1004,3.77062285714286,-9.36304692867573,1,12.8110143844197,-0.730859137904233,14,23,9,"pixel","part (paddock x community)","1988-2022","pixel-weighted by the part's cell count","BETWEEN-UNIT (across parts)","zone_fid (paddock)","77e3ef0aecd1497c187d930959110d994081c800b510c78004514a007126494a","diagnostic - NOT registered, and nothing here is proposed for registration","residual_z_local = residual / SD of the residuals in this part's water quartile. ADDITIONAL COLUMN. It does not replace the published residual and the shipped GeoPackage and CSV are not edited."
"56_riverine",56,"Dinan 9","riverine",4988,9.17630285714286,-9.13504388460677,1,12.8110143844197,-0.713061714747309,15,24,9,"pixel","part (paddock x community)","1988-2022","pixel-weighted by the part's cell count","BETWEEN-UNIT (across parts)","zone_fid (paddock)","77e3ef0aecd1497c187d930959110d994081c800b510c78004514a007126494a","diagnostic - NOT registered, and nothing here is proposed for registration","residual_z_local = residual / SD of the residuals in this part's water quartile. ADDITIONAL COLUMN. It does not replace the published residual and the shipped GeoPackage and CSV are not edited."
"24_riverine",24,"Bala 7/10","riverine",43,20.5980114285714,-8.23056750779239,2,8.48562122135004,-0.969942835426601,16,17,1,"pixel","part (paddock x community)","1988-2022","pixel-weighted by the part's cell count","BETWEEN-UNIT (across parts)","zone_fid (paddock)","77e3ef0aecd1497c187d930959110d994081c800b510c78004514a007126494a","diagnostic - NOT registered, and nothing here is proposed for registration","residual_z_local = residual / SD of the residuals in this part's water quartile. ADDITIONAL COLUMN. It does not replace the published residual and the shipped GeoPackage and CSV are not edited."
"58_inland",58,"Dinan 13","inland",7514,46.3660142857143,-8.03178366263425,4,3.83288579700831,-2.09549255782766,17,4,-13,"pixel","part (paddock x community)","1988-2022","pixel-weighted by the part's cell count","BETWEEN-UNIT (across parts)","zone_fid (paddock)","77e3ef0aecd1497c187d930959110d994081c800b510c78004514a007126494a","diagnostic - NOT registered, and nothing here is proposed for registration","residual_z_local = residual / SD of the residuals in this part's water quartile. ADDITIONAL COLUMN. It does not replace the published residual and the shipped GeoPackage and CSV are not edited."
"56_aeolian",56,"Dinan 9","aeolian",5730,11.8668685714286,-7.70334425469768,2,8.48562122135004,-0.907811467629014,18,19,1,"pixel","part (paddock x community)","1988-2022","pixel-weighted by the part's cell count","BETWEEN-UNIT (across parts)","zone_fid (paddock)","77e3ef0aecd1497c187d930959110d994081c800b510c78004514a007126494a","diagnostic - NOT registered, and nothing here is proposed for registration","residual_z_local = residual / SD of the residuals in this part's water quartile. ADDITIONAL COLUMN. It does not replace the published residual and the shipped GeoPackage and CSV are not edited."
"01_inland",1,"Bala 26ca","inland",32399,45.9191428571429,-7.62281467320477,4,3.83288579700831,-1.9887925382892,19,5,-14,"pixel","part (paddock x community)","1988-2022","pixel-weighted by the part's cell count","BETWEEN-UNIT (across parts)","zone_fid (paddock)","77e3ef0aecd1497c187d930959110d994081c800b510c78004514a007126494a","diagnostic - NOT registered, and nothing here is proposed for registration","residual_z_local = residual / SD of the residuals in this part's water quartile. ADDITIONAL COLUMN. It does not replace the published residual and the shipped GeoPackage and CSV are not edited."
"39_riverine",39,"Mara 11","riverine",353,6.74221142857143,-7.12302914760309,1,12.8110143844197,-0.556008207770483,20,27,7,"pixel","part (paddock x community)","1988-2022","pixel-weighted by the part's cell count","BETWEEN-UNIT (across parts)","zone_fid (paddock)","77e3ef0aecd1497c187d930959110d994081c800b510c78004514a007126494a","diagnostic - NOT registered, and nothing here is proposed for registration","residual_z_local = residual / SD of the residuals in this part's water quartile. ADDITIONAL COLUMN. It does not replace the published residual and the shipped GeoPackage and CSV are not edited."
"55_aeolian",55,"Dinan 8","aeolian",16554,6.06103142857143,-6.59649379267727,1,12.8110143844197,-0.514907999845795,21,28,7,"pixel","part (paddock x community)","1988-2022","pixel-weighted by the part's cell count","BETWEEN-UNIT (across parts)","zone_fid (paddock)","77e3ef0aecd1497c187d930959110d994081c800b510c78004514a007126494a","diagnostic - NOT registered, and nothing here is proposed for registration","residual_z_local = residual / SD of the residuals in this part's water quartile. ADDITIONAL COLUMN. It does not replace the published residual and the shipped GeoPackage and CSV are not edited."
"21_riverine",21,"Bala 23","riverine",4486,29.65798,-6.1352169386516,3,6.33433521519219,-0.968565244847947,22,18,-4,"pixel","part (paddock x community)","1988-2022","pixel-weighted by the part's cell count","BETWEEN-UNIT (across parts)","zone_fid (paddock)","77e3ef0aecd1497c187d930959110d994081c800b510c78004514a007126494a","diagnostic - NOT registered, and nothing here is proposed for registration","residual_z_local = residual / SD of the residuals in this part's water quartile. ADDITIONAL COLUMN. It does not replace the published residual and the shipped GeoPackage and CSV are not edited."
"45_inland",45,"Mara 21","inland",10365,44.0035742857143,-5.40467955132375,4,3.83288579700831,-1.41008102968846,23,13,-10,"pixel","part (paddock x community)","1988-2022","pixel-weighted by the part's cell count","BETWEEN-UNIT (across parts)","zone_fid (paddock)","77e3ef0aecd1497c187d930959110d994081c800b510c78004514a007126494a","diagnostic - NOT registered, and nothing here is proposed for registration","residual_z_local = residual / SD of the residuals in this part's water quartile. ADDITIONAL COLUMN. It does not replace the published residual and the shipped GeoPackage and CSV are not edited."
"12_riverine",12,"Bala 12","riverine",495,17.0505028571429,-4.05634354340113,2,8.48562122135004,-0.478025525484837,24,29,5,"pixel","part (paddock x community)","1988-2022","pixel-weighted by the part's cell count","BETWEEN-UNIT (across parts)","zone_fid (paddock)","77e3ef0aecd1497c187d930959110d994081c800b510c78004514a007126494a","diagnostic - NOT registered, and nothing here is proposed for registration","residual_z_local = residual / SD of the residuals in this part's water quartile. ADDITIONAL COLUMN. It does not replace the published residual and the shipped GeoPackage and CSV are not edited."
"01_riverine",1,"Bala 26ca","riverine",636,13.34232,-3.98688901806948,2,8.48562122135004,-0.469840558996242,25,30,5,"pixel","part (paddock x community)","1988-2022","pixel-weighted by the part's cell count","BETWEEN-UNIT (across parts)","zone_fid (paddock)","77e3ef0aecd1497c187d930959110d994081c800b510c78004514a007126494a","diagnostic - NOT registered, and nothing here is proposed for registration","residual_z_local = residual / SD of the residuals in this part's water quartile. ADDITIONAL COLUMN. It does not replace the published residual and the shipped GeoPackage and CSV are not edited."
"03_inland",3,"Bala 28ca","inland",18272,49.6821085714286,-3.81297838686463,4,3.83288579700831,-0.994806156197187,26,15,-11,"pixel","part (paddock x community)","1988-2022","pixel-weighted by the part's cell count","BETWEEN-UNIT (across parts)","zone_fid (paddock)","77e3ef0aecd1497c187d930959110d994081c800b510c78004514a007126494a","diagnostic - NOT registered, and nothing here is proposed for registration","residual_z_local = residual / SD of the residuals in this part's water quartile. ADDITIONAL COLUMN. It does not replace the published residual and the shipped GeoPackage and CSV are not edited."
"12_inland",12,"Bala 12","inland",15076,40.34606,-3.7800905894774,4,3.83288579700831,-0.986225729038908,27,16,-11,"pixel","part (paddock x community)","1988-2022","pixel-weighted by the part's cell count","BETWEEN-UNIT (across parts)","zone_fid (paddock)","77e3ef0aecd1497c187d930959110d994081c800b510c78004514a007126494a","diagnostic - NOT registered, and nothing here is proposed for registration","residual_z_local = residual / SD of the residuals in this part's water quartile. ADDITIONAL COLUMN. It does not replace the published residual and the shipped GeoPackage and CSV are not edited."
"50_inland",50,"Mara 22a","inland",1595,48.0877742857143,-3.001655764286,4,3.83288579700831,-0.783132063738734,28,22,-6,"pixel","part (paddock x community)","1988-2022","pixel-weighted by the part's cell count","BETWEEN-UNIT (across parts)","zone_fid (paddock)","77e3ef0aecd1497c187d930959110d994081c800b510c78004514a007126494a","diagnostic - NOT registered, and nothing here is proposed for registration","residual_z_local = residual / SD of the residuals in this part's water quartile. ADDITIONAL COLUMN. It does not replace the published residual and the shipped GeoPackage and CSV are not edited."
"53_inland",53,"Dinan 6","inland",6016,22.3883885714286,-2.96164666189807,3,6.33433521519219,-0.467554456984673,29,31,2,"pixel","part (paddock x community)","1988-2022","pixel-weighted by the part's cell count","BETWEEN-UNIT (across parts)","zone_fid (paddock)","77e3ef0aecd1497c187d930959110d994081c800b510c78004514a007126494a","diagnostic - NOT registered, and nothing here is proposed for registration","residual_z_local = residual / SD of the residuals in this part's water quartile. ADDITIONAL COLUMN. It does not replace the published residual and the shipped GeoPackage and CSV are not edited."
"03_riverine",3,"Bala 28ca","riverine",3704,12.1567428571429,-2.94049782191506,2,8.48562122135004,-0.34652711277245,30,35,5,"pixel","part (paddock x community)","1988-2022","pixel-weighted by the part's cell count","BETWEEN-UNIT (across parts)","zone_fid (paddock)","77e3ef0aecd1497c187d930959110d994081c800b510c78004514a007126494a","diagnostic - NOT registered, and nothing here is proposed for registration","residual_z_local = residual / SD of the residuals in this part's water quartile. ADDITIONAL COLUMN. It does not replace the published residual and the shipped GeoPackage and CSV are not edited."
"18_riverine",18,"Bala 20","riverine",2845,22.7968885714286,-2.7298493649892,3,6.33433521519219,-0.430960672627802,31,32,1,"pixel","part (paddock x community)","1988-2022","pixel-weighted by the part's cell count","BETWEEN-UNIT (across parts)","zone_fid (paddock)","77e3ef0aecd1497c187d930959110d994081c800b510c78004514a007126494a","diagnostic - NOT registered, and nothing here is proposed for registration","residual_z_local = residual / SD of the residuals in this part's water quartile. ADDITIONAL COLUMN. It does not replace the published residual and the shipped GeoPackage and CSV are not edited."
"25_riverine",25,"Bala 8/11","riverine",49,14.9854142857143,-2.64229605437205,2,8.48562122135004,-0.311385104925962,32,36,4,"pixel","part (paddock x community)","1988-2022","pixel-weighted by the part's cell count","BETWEEN-UNIT (across parts)","zone_fid (paddock)","77e3ef0aecd1497c187d930959110d994081c800b510c78004514a007126494a","diagnostic - NOT registered, and nothing here is proposed for registration","residual_z_local = residual / SD of the residuals in this part's water quartile. ADDITIONAL COLUMN. It does not replace the published residual and the shipped GeoPackage and CSV are not edited."
"45_riverine",45,"Mara 21","riverine",3275,33.2615057142857,-2.55439509657032,4,3.83288579700831,-0.666441744380724,33,25,-8,"pixel","part (paddock x community)","1988-2022","pixel-weighted by the part's cell count","BETWEEN-UNIT (across parts)","zone_fid (paddock)","77e3ef0aecd1497c187d930959110d994081c800b510c78004514a007126494a","diagnostic - NOT registered, and nothing here is proposed for registration","residual_z_local = residual / SD of the residuals in this part's water quartile. ADDITIONAL COLUMN. It does not replace the published residual and the shipped GeoPackage and CSV are not edited."
"61_inland",61,"Dinan 11","inland",2031,36.42822,-2.22965192800639,4,3.83288579700831,-0.581716243605981,34,26,-8,"pixel","part (paddock x community)","1988-2022","pixel-weighted by the part's cell count","BETWEEN-UNIT (across parts)","zone_fid (paddock)","77e3ef0aecd1497c187d930959110d994081c800b510c78004514a007126494a","diagnostic - NOT registered, and nothing here is proposed for registration","residual_z_local = residual / SD of the residuals in this part's water quartile. ADDITIONAL COLUMN. It does not replace the published residual and the shipped GeoPackage and CSV are not edited."
"55_inland",55,"Dinan 8","inland",3724,18.0696685714286,-1.61937547817032,2,8.48562122135004,-0.190837587010828,35,40,5,"pixel","part (paddock x community)","1988-2022","pixel-weighted by the part's cell count","BETWEEN-UNIT (across parts)","zone_fid (paddock)","77e3ef0aecd1497c187d930959110d994081c800b510c78004514a007126494a","diagnostic - NOT registered, and nothing here is proposed for registration","residual_z_local = residual / SD of the residuals in this part's water quartile. ADDITIONAL COLUMN. It does not replace the published residual and the shipped GeoPackage and CSV are not edited."
"31_inland",31,"Mara 13","inland",784,31.1151657142857,-1.59617470826853,3,6.33433521519219,-0.251987723106332,36,38,2,"pixel","part (paddock x community)","1988-2022","pixel-weighted by the part's cell count","BETWEEN-UNIT (across parts)","zone_fid (paddock)","77e3ef0aecd1497c187d930959110d994081c800b510c78004514a007126494a","diagnostic - NOT registered, and nothing here is proposed for registration","residual_z_local = residual / SD of the residuals in this part's water quartile. ADDITIONAL COLUMN. It does not replace the published residual and the shipped GeoPackage and CSV are not edited."
"23_inland",23,"Bala 25","inland",9115,32.3833485714286,-1.48424808087705,4,3.83288579700831,-0.387240361305718,37,33,-4,"pixel","part (paddock x community)","1988-2022","pixel-weighted by the part's cell count","BETWEEN-UNIT (across parts)","zone_fid (paddock)","77e3ef0aecd1497c187d930959110d994081c800b510c78004514a007126494a","diagnostic - NOT registered, and nothing here is proposed for registration","residual_z_local = residual / SD of the residuals in this part's water quartile. ADDITIONAL COLUMN. It does not replace the published residual and the shipped GeoPackage and CSV are not edited."
"21_inland",21,"Bala 23","inland",19883,40.6220628571429,-1.47187334063818,4,3.83288579700831,-0.384011791268873,38,34,-4,"pixel","part (paddock x community)","1988-2022","pixel-weighted by the part's cell count","BETWEEN-UNIT (across parts)","zone_fid (paddock)","77e3ef0aecd1497c187d930959110d994081c800b510c78004514a007126494a","diagnostic - NOT registered, and nothing here is proposed for registration","residual_z_local = residual / SD of the residuals in this part's water quartile. ADDITIONAL COLUMN. It does not replace the published residual and the shipped GeoPackage and CSV are not edited."
"38_inland",38,"Mara 8","inland",658,40.8597514285714,-1.03490806140836,4,3.83288579700831,-0.270007539023505,39,37,-2,"pixel","part (paddock x community)","1988-2022","pixel-weighted by the part's cell count","BETWEEN-UNIT (across parts)","zone_fid (paddock)","77e3ef0aecd1497c187d930959110d994081c800b510c78004514a007126494a","diagnostic - NOT registered, and nothing here is proposed for registration","residual_z_local = residual / SD of the residuals in this part's water quartile. ADDITIONAL COLUMN. It does not replace the published residual and the shipped GeoPackage and CSV are not edited."
"02_inland",2,"Bala 27ca","inland",23908,29.6902371428571,-0.934162384594018,3,6.33433521519219,-0.147475994379574,40,41,1,"pixel","part (paddock x community)","1988-2022","pixel-weighted by the part's cell count","BETWEEN-UNIT (across parts)","zone_fid (paddock)","77e3ef0aecd1497c187d930959110d994081c800b510c78004514a007126494a","diagnostic - NOT registered, and nothing here is proposed for registration","residual_z_local = residual / SD of the residuals in this part's water quartile. ADDITIONAL COLUMN. It does not replace the published residual and the shipped GeoPackage and CSV are not edited."
"20_inland",20,"Bala 22","inland",5266,58.8975085714286,-0.875000351294617,4,3.83288579700831,-0.228287613468051,41,39,-2,"pixel","part (paddock x community)","1988-2022","pixel-weighted by the part's cell count","BETWEEN-UNIT (across parts)","zone_fid (paddock)","77e3ef0aecd1497c187d930959110d994081c800b510c78004514a007126494a","diagnostic - NOT registered, and nothing here is proposed for registration","residual_z_local = residual / SD of the residuals in this part's water quartile. ADDITIONAL COLUMN. It does not replace the published residual and the shipped GeoPackage and CSV are not edited."
"28_riverine",28,"Mara 2","riverine",844,12.3696714285714,-0.75511204448177,2,8.48562122135004,-0.0889872438074291,42,42,0,"pixel","part (paddock x community)","1988-2022","pixel-weighted by the part's cell count","BETWEEN-UNIT (across parts)","zone_fid (paddock)","77e3ef0aecd1497c187d930959110d994081c800b510c78004514a007126494a","diagnostic - NOT registered, and nothing here is proposed for registration","residual_z_local = residual / SD of the residuals in this part's water quartile. ADDITIONAL COLUMN. It does not replace the published residual and the shipped GeoPackage and CSV are not edited."
"59_riverine",59,"Dinan 12","riverine",22024,17.6545142857143,-0.652733821352641,2,8.48562122135004,-0.0769223377199946,43,44,1,"pixel","part (paddock x community)","1988-2022","pixel-weighted by the part's cell count","BETWEEN-UNIT (across parts)","zone_fid (paddock)","77e3ef0aecd1497c187d930959110d994081c800b510c78004514a007126494a","diagnostic - NOT registered, and nothing here is proposed for registration","residual_z_local = residual / SD of the residuals in this part's water quartile. ADDITIONAL COLUMN. It does not replace the published residual and the shipped GeoPackage and CSV are not edited."
"11_inland",11,"Bala 9","inland",4101,23.3859371428571,-0.515699506654926,3,6.33433521519219,-0.0814133589611864,44,43,-1,"pixel","part (paddock x community)","1988-2022","pixel-weighted by the part's cell count","BETWEEN-UNIT (across parts)","zone_fid (paddock)","77e3ef0aecd1497c187d930959110d994081c800b510c78004514a007126494a","diagnostic - NOT registered, and nothing here is proposed for registration","residual_z_local = residual / SD of the residuals in this part's water quartile. ADDITIONAL COLUMN. It does not replace the published residual and the shipped GeoPackage and CSV are not edited."
"34_inland",34,"Mara 5","inland",5075,44.8788114285714,-0.171771133524544,4,3.83288579700831,-0.0448150930191077,45,45,0,"pixel","part (paddock x community)","1988-2022","pixel-weighted by the part's cell count","BETWEEN-UNIT (across parts)","zone_fid (paddock)","77e3ef0aecd1497c187d930959110d994081c800b510c78004514a007126494a","diagnostic - NOT registered, and nothing here is proposed for registration","residual_z_local = residual / SD of the residuals in this part's water quartile. ADDITIONAL COLUMN. It does not replace the published residual and the shipped GeoPackage and CSV are not edited."
"64_riverine",64,"Dinan 5","riverine",2615,19.0548971428571,0.270599332910272,2,8.48562122135004,0.0318891600098102,46,46,0,"pixel","part (paddock x community)","1988-2022","pixel-weighted by the part's cell count","BETWEEN-UNIT (across parts)","zone_fid (paddock)","77e3ef0aecd1497c187d930959110d994081c800b510c78004514a007126494a","diagnostic - NOT registered, and nothing here is proposed for registration","residual_z_local = residual / SD of the residuals in this part's water quartile. ADDITIONAL COLUMN. It does not replace the published residual and the shipped GeoPackage and CSV are not edited."
"64_inland",64,"Dinan 5","inland",4463,27.8499342857143,0.427165224770306,3,6.33433521519219,0.0674364728512944,47,48,1,"pixel","part (paddock x community)","1988-2022","pixel-weighted by the part's cell count","BETWEEN-UNIT (across parts)","zone_fid (paddock)","77e3ef0aecd1497c187d930959110d994081c800b510c78004514a007126494a","diagnostic - NOT registered, and nothing here is proposed for registration","residual_z_local = residual / SD of the residuals in this part's water quartile. ADDITIONAL COLUMN. It does not replace the published residual and the shipped GeoPackage and CSV are not edited."
"31_riverine",31,"Mara 13","riverine",1004,31.8383571428571,0.515961589641989,3,6.33433521519219,0.0814547339402742,48,49,1,"pixel","part (paddock x community)","1988-2022","pixel-weighted by the part's cell count","BETWEEN-UNIT (across parts)","zone_fid (paddock)","77e3ef0aecd1497c187d930959110d994081c800b510c78004514a007126494a","diagnostic - NOT registered, and nothing here is proposed for registration","residual_z_local = residual / SD of the residuals in this part's water quartile. ADDITIONAL COLUMN. It does not replace the published residual and the shipped GeoPackage and CSV are not edited."
"56_inland",56,"Dinan 9","inland",16588,12.0930828571429,0.525902510875355,2,8.48562122135004,0.0619757230681203,49,47,-2,"pixel","part (paddock x community)","1988-2022","pixel-weighted by the part's cell count","BETWEEN-UNIT (across parts)","zone_fid (paddock)","77e3ef0aecd1497c187d930959110d994081c800b510c78004514a007126494a","diagnostic - NOT registered, and nothing here is proposed for registration","residual_z_local = residual / SD of the residuals in this part's water quartile. ADDITIONAL COLUMN. It does not replace the published residual and the shipped GeoPackage and CSV are not edited."
"19_inland",19,"Bala 21","inland",10258,40.38994,0.711540360542358,4,3.83288579700831,0.185640897805444,50,52,2,"pixel","part (paddock x community)","1988-2022","pixel-weighted by the part's cell count","BETWEEN-UNIT (across parts)","zone_fid (paddock)","77e3ef0aecd1497c187d930959110d994081c800b510c78004514a007126494a","diagnostic - NOT registered, and nothing here is proposed for registration","residual_z_local = residual / SD of the residuals in this part's water quartile. ADDITIONAL COLUMN. It does not replace the published residual and the shipped GeoPackage and CSV are not edited."
"41_inland",41,"Mara 16","inland",10926,42.9497085714286,0.934057589229113,4,3.83288579700831,0.243695648317561,51,57,6,"pixel","part (paddock x community)","1988-2022","pixel-weighted by the part's cell count","BETWEEN-UNIT (across parts)","zone_fid (paddock)","77e3ef0aecd1497c187d930959110d994081c800b510c78004514a007126494a","diagnostic - NOT registered, and nothing here is proposed for registration","residual_z_local = residual / SD of the residuals in this part's water quartile. ADDITIONAL COLUMN. It does not replace the published residual and the shipped GeoPackage and CSV are not edited."
"63_inland",63,"Dinan 4","inland",6777,24.9840885714286,1.04700438611542,3,6.33433521519219,0.165290334430722,52,51,-1,"pixel","part (paddock x community)","1988-2022","pixel-weighted by the part's cell count","BETWEEN-UNIT (across parts)","zone_fid (paddock)","77e3ef0aecd1497c187d930959110d994081c800b510c78004514a007126494a","diagnostic - NOT registered, and nothing here is proposed for registration","residual_z_local = residual / SD of the residuals in this part's water quartile. ADDITIONAL COLUMN. It does not replace the published residual and the shipped GeoPackage and CSV are not edited."
"33_inland",33,"Mara 14","inland",16075,42.3146828571429,1.07431314651215,4,3.83288579700831,0.280288326709523,53,59,6,"pixel","part (paddock x community)","1988-2022","pixel-weighted by the part's cell count","BETWEEN-UNIT (across parts)","zone_fid (paddock)","77e3ef0aecd1497c187d930959110d994081c800b510c78004514a007126494a","diagnostic - NOT registered, and nothing here is proposed for registration","residual_z_local = residual / SD of the residuals in this part's water quartile. ADDITIONAL COLUMN. It does not replace the published residual and the shipped GeoPackage and CSV are not edited."
"54_riverine",54,"Dinan 7","riverine",11273,8.67484,1.1645349897886,1,12.8110143844197,0.0909010758121436,54,50,-4,"pixel","part (paddock x community)","1988-2022","pixel-weighted by the part's cell count","BETWEEN-UNIT (across parts)","zone_fid (paddock)","77e3ef0aecd1497c187d930959110d994081c800b510c78004514a007126494a","diagnostic - NOT registered, and nothing here is proposed for registration","residual_z_local = residual / SD of the residuals in this part's water quartile. ADDITIONAL COLUMN. It does not replace the published residual and the shipped GeoPackage and CSV are not edited."
"16_inland",16,"Bala 18","inland",11473,45.8749085714286,1.5041885200726,4,3.83288579700831,0.392442822388987,55,61,6,"pixel","part (paddock x community)","1988-2022","pixel-weighted by the part's cell count","BETWEEN-UNIT (across parts)","zone_fid (paddock)","77e3ef0aecd1497c187d930959110d994081c800b510c78004514a007126494a","diagnostic - NOT registered, and nothing here is proposed for registration","residual_z_local = residual / SD of the residuals in this part's water quartile. ADDITIONAL COLUMN. It does not replace the published residual and the shipped GeoPackage and CSV are not edited."
"48_riverine",48,"Mara 4","riverine",197,12.4002857142857,1.6512491115327,2,8.48562122135004,0.194593780285422,56,53,-3,"pixel","part (paddock x community)","1988-2022","pixel-weighted by the part's cell count","BETWEEN-UNIT (across parts)","zone_fid (paddock)","77e3ef0aecd1497c187d930959110d994081c800b510c78004514a007126494a","diagnostic - NOT registered, and nothing here is proposed for registration","residual_z_local = residual / SD of the residuals in this part's water quartile. ADDITIONAL COLUMN. It does not replace the published residual and the shipped GeoPackage and CSV are not edited."
"38_riverine",38,"Mara 8","riverine",1232,20.4522257142857,1.77626048059672,2,8.48562122135004,0.209325921374808,57,55,-2,"pixel","part (paddock x community)","1988-2022","pixel-weighted by the part's cell count","BETWEEN-UNIT (across parts)","zone_fid (paddock)","77e3ef0aecd1497c187d930959110d994081c800b510c78004514a007126494a","diagnostic - NOT registered, and nothing here is proposed for registration","residual_z_local = residual / SD of the residuals in this part's water quartile. ADDITIONAL COLUMN. It does not replace the published residual and the shipped GeoPackage and CSV are not edited."
"25_inland",25,"Bala 8/11","inland",24831,32.0082571428571,1.97916082352555,4,3.83288579700831,0.516363108201748,58,66,8,"pixel","part (paddock x community)","1988-2022","pixel-weighted by the part's cell count","BETWEEN-UNIT (across parts)","zone_fid (paddock)","77e3ef0aecd1497c187d930959110d994081c800b510c78004514a007126494a","diagnostic - NOT registered, and nothing here is proposed for registration","residual_z_local = residual / SD of the residuals in this part's water quartile. ADDITIONAL COLUMN. It does not replace the published residual and the shipped GeoPackage and CSV are not edited."
"18_inland",18,"Bala 20","inland",9651,42.1288771428571,2.0349459614666,4,3.83288579700831,0.530917452081391,59,68,9,"pixel","part (paddock x community)","1988-2022","pixel-weighted by the part's cell count","BETWEEN-UNIT (across parts)","zone_fid (paddock)","77e3ef0aecd1497c187d930959110d994081c800b510c78004514a007126494a","diagnostic - NOT registered, and nothing here is proposed for registration","residual_z_local = residual / SD of the residuals in this part's water quartile. ADDITIONAL COLUMN. It does not replace the published residual and the shipped GeoPackage and CSV are not edited."
"47_inland",47,"Mara 22","inland",6395,24.31096,2.04123520032007,3,6.33433521519219,0.322249317564439,60,60,0,"pixel","part (paddock x community)","1988-2022","pixel-weighted by the part's cell count","BETWEEN-UNIT (across parts)","zone_fid (paddock)","77e3ef0aecd1497c187d930959110d994081c800b510c78004514a007126494a","diagnostic - NOT registered, and nothing here is proposed for registration","residual_z_local = residual / SD of the residuals in this part's water quartile. ADDITIONAL COLUMN. It does not replace the published residual and the shipped GeoPackage and CSV are not edited."
"29_inland",29,"Mara 3","inland",5294,32.9796542857143,2.49489618189705,4,3.83288579700831,0.650918476059056,61,76,15,"pixel","part (paddock x community)","1988-2022","pixel-weighted by the part's cell count","BETWEEN-UNIT (across parts)","zone_fid (paddock)","77e3ef0aecd1497c187d930959110d994081c800b510c78004514a007126494a","diagnostic - NOT registered, and nothing here is proposed for registration","residual_z_local = residual / SD of the residuals in this part's water quartile. ADDITIONAL COLUMN. It does not replace the published residual and the shipped GeoPackage and CSV are not edited."
"62_aeolian",62,"Dinan 1","aeolian",1197,2.53013428571429,2.57389507397583,1,12.8110143844197,0.200912667548489,62,54,-8,"pixel","part (paddock x community)","1988-2022","pixel-weighted by the part's cell count","BETWEEN-UNIT (across parts)","zone_fid (paddock)","77e3ef0aecd1497c187d930959110d994081c800b510c78004514a007126494a","diagnostic - NOT registered, and nothing here is proposed for registration","residual_z_local = residual / SD of the residuals in this part's water quartile. ADDITIONAL COLUMN. It does not replace the published residual and the shipped GeoPackage and CSV are not edited."
"57_inland",57,"Dinan 10","inland",3765,5.9298,2.79310718587732,1,12.8110143844197,0.218023889605041,63,56,-7,"pixel","part (paddock x community)","1988-2022","pixel-weighted by the part's cell count","BETWEEN-UNIT (across parts)","zone_fid (paddock)","77e3ef0aecd1497c187d930959110d994081c800b510c78004514a007126494a","diagnostic - NOT registered, and nothing here is proposed for registration","residual_z_local = residual / SD of the residuals in this part's water quartile. ADDITIONAL COLUMN. It does not replace the published residual and the shipped GeoPackage and CSV are not edited."
"49_inland",49,"Mara 5a","inland",1842,41.1586742857143,2.86730824984457,4,3.83288579700831,0.748080793871447,64,83,19,"pixel","part (paddock x community)","1988-2022","pixel-weighted by the part's cell count","BETWEEN-UNIT (across parts)","zone_fid (paddock)","77e3ef0aecd1497c187d930959110d994081c800b510c78004514a007126494a","diagnostic - NOT registered, and nothing here is proposed for registration","residual_z_local = residual / SD of the residuals in this part's water quartile. ADDITIONAL COLUMN. It does not replace the published residual and the shipped GeoPackage and CSV are not edited."
"28_inland",28,"Mara 2","inland",1141,20.8338457142857,2.91086501056748,3,6.33433521519219,0.459537569717829,65,63,-2,"pixel","part (paddock x community)","1988-2022","pixel-weighted by the part's cell count","BETWEEN-UNIT (across parts)","zone_fid (paddock)","77e3ef0aecd1497c187d930959110d994081c800b510c78004514a007126494a","diagnostic - NOT registered, and nothing here is proposed for registration","residual_z_local = residual / SD of the residuals in this part's water quartile. ADDITIONAL COLUMN. It does not replace the published residual and the shipped GeoPackage and CSV are not edited."
"62_inland",62,"Dinan 1","inland",10042,25.0906257142857,3.01796661376244,3,6.33433521519219,0.476445674444918,66,64,-2,"pixel","part (paddock x community)","1988-2022","pixel-weighted by the part's cell count","BETWEEN-UNIT (across parts)","zone_fid (paddock)","77e3ef0aecd1497c187d930959110d994081c800b510c78004514a007126494a","diagnostic - NOT registered, and nothing here is proposed for registration","residual_z_local = residual / SD of the residuals in this part's water quartile. ADDITIONAL COLUMN. It does not replace the published residual and the shipped GeoPackage and CSV are not edited."
"24_inland",24,"Bala 7/10","inland",3938,35.5343542857143,3.1106522418948,4,3.83288579700831,0.811569247464342,67,87,20,"pixel","part (paddock x community)","1988-2022","pixel-weighted by the part's cell count","BETWEEN-UNIT (across parts)","zone_fid (paddock)","77e3ef0aecd1497c187d930959110d994081c800b510c78004514a007126494a","diagnostic - NOT registered, and nothing here is proposed for registration","residual_z_local = residual / SD of the residuals in this part's water quartile. ADDITIONAL COLUMN. It does not replace the published residual and the shipped GeoPackage and CSV are not edited."
"32_inland",32,"Mara 12","inland",3923,36.8843142857143,3.27651287229739,4,3.83288579700831,0.854842290071573,68,88,20,"pixel","part (paddock x community)","1988-2022","pixel-weighted by the part's cell count","BETWEEN-UNIT (across parts)","zone_fid (paddock)","77e3ef0aecd1497c187d930959110d994081c800b510c78004514a007126494a","diagnostic - NOT registered, and nothing here is proposed for registration","residual_z_local = residual / SD of the residuals in this part's water quartile. ADDITIONAL COLUMN. It does not replace the published residual and the shipped GeoPackage and CSV are not edited."
"46_inland",46,"Mara 20","inland",2397,29.6596885714286,3.3011316981252,3,6.33433521519219,0.521148879239579,69,67,-2,"pixel","part (paddock x community)","1988-2022","pixel-weighted by the part's cell count","BETWEEN-UNIT (across parts)","zone_fid (paddock)","77e3ef0aecd1497c187d930959110d994081c800b510c78004514a007126494a","diagnostic - NOT registered, and nothing here is proposed for registration","residual_z_local = residual / SD of the residuals in this part's water quartile. ADDITIONAL COLUMN. It does not replace the published residual and the shipped GeoPackage and CSV are not edited."
"27_riverine",27,"Mara 1","riverine",262,6.34678285714286,3.34077195937112,1,12.8110143844197,0.260773414120434,70,58,-12,"pixel","part (paddock x community)","1988-2022","pixel-weighted by the part's cell count","BETWEEN-UNIT (across parts)","zone_fid (paddock)","77e3ef0aecd1497c187d930959110d994081c800b510c78004514a007126494a","diagnostic - NOT registered, and nothing here is proposed for registration","residual_z_local = residual / SD of the residuals in this part's water quartile. ADDITIONAL COLUMN. It does not replace the published residual and the shipped GeoPackage and CSV are not edited."
"26_riverine",26,"Bala 14/16","riverine",199,12.6633171428571,3.40621226497802,2,8.48562122135004,0.401409888106708,71,62,-9,"pixel","part (paddock x community)","1988-2022","pixel-weighted by the part's cell count","BETWEEN-UNIT (across parts)","zone_fid (paddock)","77e3ef0aecd1497c187d930959110d994081c800b510c78004514a007126494a","diagnostic - NOT registered, and nothing here is proposed for registration","residual_z_local = residual / SD of the residuals in this part's water quartile. ADDITIONAL COLUMN. It does not replace the published residual and the shipped GeoPackage and CSV are not edited."
"35_inland",35,"Mara 9","inland",4952,33.5489257142857,3.89603572033977,4,3.83288579700831,1.01647581657162,72,97,25,"pixel","part (paddock x community)","1988-2022","pixel-weighted by the part's cell count","BETWEEN-UNIT (across parts)","zone_fid (paddock)","77e3ef0aecd1497c187d930959110d994081c800b510c78004514a007126494a","diagnostic - NOT registered, and nothing here is proposed for registration","residual_z_local = residual / SD of the residuals in this part's water quartile. ADDITIONAL COLUMN. It does not replace the published residual and the shipped GeoPackage and CSV are not edited."
"44_inland",44,"Mara 19","inland",4801,42.0674257142857,3.96856011481533,4,3.83288579700831,1.03539743289845,73,98,25,"pixel","part (paddock x community)","1988-2022","pixel-weighted by the part's cell count","BETWEEN-UNIT (across parts)","zone_fid (paddock)","77e3ef0aecd1497c187d930959110d994081c800b510c78004514a007126494a","diagnostic - NOT registered, and nothing here is proposed for registration","residual_z_local = residual / SD of the residuals in this part's water quartile. ADDITIONAL COLUMN. It does not replace the published residual and the shipped GeoPackage and CSV are not edited."
"17_inland",17,"Bala 19","inland",13332,29.14834,4.43617338803288,3,6.33433521519219,0.700337641966472,74,78,4,"pixel","part (paddock x community)","1988-2022","pixel-weighted by the part's cell count","BETWEEN-UNIT (across parts)","zone_fid (paddock)","77e3ef0aecd1497c187d930959110d994081c800b510c78004514a007126494a","diagnostic - NOT registered, and nothing here is proposed for registration","residual_z_local = residual / SD of the residuals in this part's water quartile. ADDITIONAL COLUMN. It does not replace the published residual and the shipped GeoPackage and CSV are not edited."
"53_riverine",53,"Dinan 6","riverine",811,18.3019171428571,4.67535811821818,2,8.48562122135004,0.550974171042994,75,70,-5,"pixel","part (paddock x community)","1988-2022","pixel-weighted by the part's cell count","BETWEEN-UNIT (across parts)","zone_fid (paddock)","77e3ef0aecd1497c187d930959110d994081c800b510c78004514a007126494a","diagnostic - NOT registered, and nothing here is proposed for registration","residual_z_local = residual / SD of the residuals in this part's water quartile. ADDITIONAL COLUMN. It does not replace the published residual and the shipped GeoPackage and CSV are not edited."
"30_inland",30,"Mara 10","inland",3992,29.8990857142857,4.6861175278237,3,6.33433521519219,0.739796264110648,76,81,5,"pixel","part (paddock x community)","1988-2022","pixel-weighted by the part's cell count","BETWEEN-UNIT (across parts)","zone_fid (paddock)","77e3ef0aecd1497c187d930959110d994081c800b510c78004514a007126494a","diagnostic - NOT registered, and nothing here is proposed for registration","residual_z_local = residual / SD of the residuals in this part's water quartile. ADDITIONAL COLUMN. It does not replace the published residual and the shipped GeoPackage and CSV are not edited."
"37_inland",37,"Mara 7","inland",13575,33.5703285714286,4.70528548643502,4,3.83288579700831,1.22760910072187,77,103,26,"pixel","part (paddock x community)","1988-2022","pixel-weighted by the part's cell count","BETWEEN-UNIT (across parts)","zone_fid (paddock)","77e3ef0aecd1497c187d930959110d994081c800b510c78004514a007126494a","diagnostic - NOT registered, and nothing here is proposed for registration","residual_z_local = residual / SD of the residuals in this part's water quartile. ADDITIONAL COLUMN. It does not replace the published residual and the shipped GeoPackage and CSV are not edited."
"22_inland",22,"Bala 24","inland",5667,23.7475085714286,4.73443069214936,3,6.33433521519219,0.747423451918737,78,82,4,"pixel","part (paddock x community)","1988-2022","pixel-weighted by the part's cell count","BETWEEN-UNIT (across parts)","zone_fid (paddock)","77e3ef0aecd1497c187d930959110d994081c800b510c78004514a007126494a","diagnostic - NOT registered, and nothing here is proposed for registration","residual_z_local = residual / SD of the residuals in this part's water quartile. ADDITIONAL COLUMN. It does not replace the published residual and the shipped GeoPackage and CSV are not edited."
"07_inland",7,"Bala 3","inland",20725,11.5934542857143,4.78590512211112,2,8.48562122135004,0.564001738619874,79,71,-8,"pixel","part (paddock x community)","1988-2022","pixel-weighted by the part's cell count","BETWEEN-UNIT (across parts)","zone_fid (paddock)","77e3ef0aecd1497c187d930959110d994081c800b510c78004514a007126494a","diagnostic - NOT registered, and nothing here is proposed for registration","residual_z_local = residual / SD of the residuals in this part's water quartile. ADDITIONAL COLUMN. It does not replace the published residual and the shipped GeoPackage and CSV are not edited."
"13_inland",13,"Bala 13","inland",12762,30.2852257142857,4.96877439185062,3,6.33433521519219,0.784419236281271,80,85,5,"pixel","part (paddock x community)","1988-2022","pixel-weighted by the part's cell count","BETWEEN-UNIT (across parts)","zone_fid (paddock)","77e3ef0aecd1497c187d930959110d994081c800b510c78004514a007126494a","diagnostic - NOT registered, and nothing here is proposed for registration","residual_z_local = residual / SD of the residuals in this part's water quartile. ADDITIONAL COLUMN. It does not replace the published residual and the shipped GeoPackage and CSV are not edited."
"09_inland",9,"Bala 5","inland",22252,17.17008,5.20293437448174,2,8.48562122135004,0.613147138996851,81,74,-7,"pixel","part (paddock x community)","1988-2022","pixel-weighted by the part's cell count","BETWEEN-UNIT (across parts)","zone_fid (paddock)","77e3ef0aecd1497c187d930959110d994081c800b510c78004514a007126494a","diagnostic - NOT registered, and nothing here is proposed for registration","residual_z_local = residual / SD of the residuals in this part's water quartile. ADDITIONAL COLUMN. It does not replace the published residual and the shipped GeoPackage and CSV are not edited."
"26_inland",26,"Bala 14/16","inland",8576,38.6387228571429,5.43387577579665,4,3.83288579700831,1.41769832538135,82,106,24,"pixel","part (paddock x community)","1988-2022","pixel-weighted by the part's cell count","BETWEEN-UNIT (across parts)","zone_fid (paddock)","77e3ef0aecd1497c187d930959110d994081c800b510c78004514a007126494a","diagnostic - NOT registered, and nothing here is proposed for registration","residual_z_local = residual / SD of the residuals in this part's water quartile. ADDITIONAL COLUMN. It does not replace the published residual and the shipped GeoPackage and CSV are not edited."
"40_inland",40,"Mara 15","inland",16594,30.9320085714286,5.65412736572804,3,6.33433521519219,0.892615747926832,83,90,7,"pixel","part (paddock x community)","1988-2022","pixel-weighted by the part's cell count","BETWEEN-UNIT (across parts)","zone_fid (paddock)","77e3ef0aecd1497c187d930959110d994081c800b510c78004514a007126494a","diagnostic - NOT registered, and nothing here is proposed for registration","residual_z_local = residual / SD of the residuals in this part's water quartile. ADDITIONAL COLUMN. It does not replace the published residual and the shipped GeoPackage and CSV are not edited."
"04_inland",4,"Bala 29ca","inland",12687,15.9200142857143,5.87301396116153,2,8.48562122135004,0.692113612894349,84,77,-7,"pixel","part (paddock x community)","1988-2022","pixel-weighted by the part's cell count","BETWEEN-UNIT (across parts)","zone_fid (paddock)","77e3ef0aecd1497c187d930959110d994081c800b510c78004514a007126494a","diagnostic - NOT registered, and nothing here is proposed for registration","residual_z_local = residual / SD of the residuals in this part's water quartile. ADDITIONAL COLUMN. It does not replace the published residual and the shipped GeoPackage and CSV are not edited."
"36_inland",36,"Mara 6","inland",10314,36.9038,6.08818507139175,4,3.83288579700831,1.58840763691519,85,113,28,"pixel","part (paddock x community)","1988-2022","pixel-weighted by the part's cell count","BETWEEN-UNIT (across parts)","zone_fid (paddock)","77e3ef0aecd1497c187d930959110d994081c800b510c78004514a007126494a","diagnostic - NOT registered, and nothing here is proposed for registration","residual_z_local = residual / SD of the residuals in this part's water quartile. ADDITIONAL COLUMN. It does not replace the published residual and the shipped GeoPackage and CSV are not edited."
"15_inland",15,"Bala 17","inland",11970,27.4156771428571,6.23191748456939,3,6.33433521519219,0.983831337126403,86,94,8,"pixel","part (paddock x community)","1988-2022","pixel-weighted by the part's cell count","BETWEEN-UNIT (across parts)","zone_fid (paddock)","77e3ef0aecd1497c187d930959110d994081c800b510c78004514a007126494a","diagnostic - NOT registered, and nothing here is proposed for registration","residual_z_local = residual / SD of the residuals in this part's water quartile. ADDITIONAL COLUMN. It does not replace the published residual and the shipped GeoPackage and CSV are not edited."
"52_inland",52,"Dinan 2","inland",12823,32.1270971428571,6.26841735564433,4,3.83288579700831,1.63543024437019,87,114,27,"pixel","part (paddock x community)","1988-2022","pixel-weighted by the part's cell count","BETWEEN-UNIT (across parts)","zone_fid (paddock)","77e3ef0aecd1497c187d930959110d994081c800b510c78004514a007126494a","diagnostic - NOT registered, and nothing here is proposed for registration","residual_z_local = residual / SD of the residuals in this part's water quartile. ADDITIONAL COLUMN. It does not replace the published residual and the shipped GeoPackage and CSV are not edited."
"51_inland",51,"Dinan 3","inland",4499,25.1058914285714,6.38965831254541,3,6.33433521519219,1.0087338442747,88,96,8,"pixel","part (paddock x community)","1988-2022","pixel-weighted by the part's cell count","BETWEEN-UNIT (across parts)","zone_fid (paddock)","77e3ef0aecd1497c187d930959110d994081c800b510c78004514a007126494a","diagnostic - NOT registered, and nothing here is proposed for registration","residual_z_local = residual / SD of the residuals in this part's water quartile. ADDITIONAL COLUMN. It does not replace the published residual and the shipped GeoPackage and CSV are not edited."
"63_aeolian",63,"Dinan 4","aeolian",70,4.32653142857143,6.56327152000571,1,12.8110143844197,0.512314741289161,89,65,-24,"pixel","part (paddock x community)","1988-2022","pixel-weighted by the part's cell count","BETWEEN-UNIT (across parts)","zone_fid (paddock)","77e3ef0aecd1497c187d930959110d994081c800b510c78004514a007126494a","diagnostic - NOT registered, and nothing here is proposed for registration","residual_z_local = residual / SD of the residuals in this part's water quartile. ADDITIONAL COLUMN. It does not replace the published residual and the shipped GeoPackage and CSV are not edited."
"37_riverine",37,"Mara 7","riverine",686,14.2190771428571,6.64249634557861,2,8.48562122135004,0.782794349677773,90,84,-6,"pixel","part (paddock x community)","1988-2022","pixel-weighted by the part's cell count","BETWEEN-UNIT (across parts)","zone_fid (paddock)","77e3ef0aecd1497c187d930959110d994081c800b510c78004514a007126494a","diagnostic - NOT registered, and nothing here is proposed for registration","residual_z_local = residual / SD of the residuals in this part's water quartile. ADDITIONAL COLUMN. It does not replace the published residual and the shipped GeoPackage and CSV are not edited."
"48_inland",48,"Mara 4","inland",720,30.4603257142857,6.85325241649163,3,6.33433521519219,1.08192133565254,91,99,8,"pixel","part (paddock x community)","1988-2022","pixel-weighted by the part's cell count","BETWEEN-UNIT (across parts)","zone_fid (paddock)","77e3ef0aecd1497c187d930959110d994081c800b510c78004514a007126494a","diagnostic - NOT registered, and nothing here is proposed for registration","residual_z_local = residual / SD of the residuals in this part's water quartile. ADDITIONAL COLUMN. It does not replace the published residual and the shipped GeoPackage and CSV are not edited."
"39_inland",39,"Mara 11","inland",14841,8.24280571428571,7.02031606362154,1,12.8110143844197,0.547990647185549,92,69,-23,"pixel","part (paddock x community)","1988-2022","pixel-weighted by the part's cell count","BETWEEN-UNIT (across parts)","zone_fid (paddock)","77e3ef0aecd1497c187d930959110d994081c800b510c78004514a007126494a","diagnostic - NOT registered, and nothing here is proposed for registration","residual_z_local = residual / SD of the residuals in this part's water quartile. ADDITIONAL COLUMN. It does not replace the published residual and the shipped GeoPackage and CSV are not edited."
"60_aeolian",60,"Dinan 14","aeolian",7555,1.52746285714286,7.26375385684629,1,12.8110143844197,0.566992873388715,93,72,-21,"pixel","part (paddock x community)","1988-2022","pixel-weighted by the part's cell count","BETWEEN-UNIT (across parts)","zone_fid (paddock)","77e3ef0aecd1497c187d930959110d994081c800b510c78004514a007126494a","diagnostic - NOT registered, and nothing here is proposed for registration","residual_z_local = residual / SD of the residuals in this part's water quartile. ADDITIONAL COLUMN. It does not replace the published residual and the shipped GeoPackage and CSV are not edited."
"59_aeolian",59,"Dinan 12","aeolian",4464,2.2043,7.61091049213336,1,12.8110143844197,0.594091167471443,94,73,-21,"pixel","part (paddock x community)","1988-2022","pixel-weighted by the part's cell count","BETWEEN-UNIT (across parts)","zone_fid (paddock)","77e3ef0aecd1497c187d930959110d994081c800b510c78004514a007126494a","diagnostic - NOT registered, and nothing here is proposed for registration","residual_z_local = residual / SD of the residuals in this part's water quartile. ADDITIONAL COLUMN. It does not replace the published residual and the shipped GeoPackage and CSV are not edited."
"42_inland",42,"Mara 17","inland",4586,31.2136257142857,7.95952141932567,3,6.33433521519219,1.25656776108654,95,105,10,"pixel","part (paddock x community)","1988-2022","pixel-weighted by the part's cell count","BETWEEN-UNIT (across parts)","zone_fid (paddock)","77e3ef0aecd1497c187d930959110d994081c800b510c78004514a007126494a","diagnostic - NOT registered, and nothing here is proposed for registration","residual_z_local = residual / SD of the residuals in this part's water quartile. ADDITIONAL COLUMN. It does not replace the published residual and the shipped GeoPackage and CSV are not edited."
"09_riverine",9,"Bala 5","riverine",2132,5.82149428571429,8.18781009747014,1,12.8110143844197,0.63912269955983,96,75,-21,"pixel","part (paddock x community)","1988-2022","pixel-weighted by the part's cell count","BETWEEN-UNIT (across parts)","zone_fid (paddock)","77e3ef0aecd1497c187d930959110d994081c800b510c78004514a007126494a","diagnostic - NOT registered, and nothing here is proposed for registration","residual_z_local = residual / SD of the residuals in this part's water quartile. ADDITIONAL COLUMN. It does not replace the published residual and the shipped GeoPackage and CSV are not edited."
"05_riverine",5,"Bala 1","riverine",318,4.34860571428571,9.02007544757055,1,12.8110143844197,0.70408752788073,97,79,-18,"pixel","part (paddock x community)","1988-2022","pixel-weighted by the part's cell count","BETWEEN-UNIT (across parts)","zone_fid (paddock)","77e3ef0aecd1497c187d930959110d994081c800b510c78004514a007126494a","diagnostic - NOT registered, and nothing here is proposed for registration","residual_z_local = residual / SD of the residuals in this part's water quartile. ADDITIONAL COLUMN. It does not replace the published residual and the shipped GeoPackage and CSV are not edited."
"27_inland",27,"Mara 1","inland",588,26.4868828571429,9.06835344054215,3,6.33433521519219,1.43161880962547,98,107,9,"pixel","part (paddock x community)","1988-2022","pixel-weighted by the part's cell count","BETWEEN-UNIT (across parts)","zone_fid (paddock)","77e3ef0aecd1497c187d930959110d994081c800b510c78004514a007126494a","diagnostic - NOT registered, and nothing here is proposed for registration","residual_z_local = residual / SD of the residuals in this part's water quartile. ADDITIONAL COLUMN. It does not replace the published residual and the shipped GeoPackage and CSV are not edited."
"16_riverine",16,"Bala 18","riverine",623,28.56226,9.17140629378422,3,6.33433521519219,1.44788773915653,99,109,10,"pixel","part (paddock x community)","1988-2022","pixel-weighted by the part's cell count","BETWEEN-UNIT (across parts)","zone_fid (paddock)","77e3ef0aecd1497c187d930959110d994081c800b510c78004514a007126494a","diagnostic - NOT registered, and nothing here is proposed for registration","residual_z_local = residual / SD of the residuals in this part's water quartile. ADDITIONAL COLUMN. It does not replace the published residual and the shipped GeoPackage and CSV are not edited."
"08_inland",8,"Bala 4","inland",5578,26.64498,9.21802091276606,3,6.33433521519219,1.45524677801353,100,110,10,"pixel","part (paddock x community)","1988-2022","pixel-weighted by the part's cell count","BETWEEN-UNIT (across parts)","zone_fid (paddock)","77e3ef0aecd1497c187d930959110d994081c800b510c78004514a007126494a","diagnostic - NOT registered, and nothing here is proposed for registration","residual_z_local = residual / SD of the residuals in this part's water quartile. ADDITIONAL COLUMN. It does not replace the published residual and the shipped GeoPackage and CSV are not edited."
"06_riverine",6,"Bala 2","riverine",1956,3.0222,9.26377231992995,1,12.8110143844197,0.723109977239289,101,80,-21,"pixel","part (paddock x community)","1988-2022","pixel-weighted by the part's cell count","BETWEEN-UNIT (across parts)","zone_fid (paddock)","77e3ef0aecd1497c187d930959110d994081c800b510c78004514a007126494a","diagnostic - NOT registered, and nothing here is proposed for registration","residual_z_local = residual / SD of the residuals in this part's water quartile. ADDITIONAL COLUMN. It does not replace the published residual and the shipped GeoPackage and CSV are not edited."
"43_inland",43,"Mara 18","inland",3580,17.1604142857143,9.73369730292581,2,8.48562122135004,1.14708128598005,102,101,-1,"pixel","part (paddock x community)","1988-2022","pixel-weighted by the part's cell count","BETWEEN-UNIT (across parts)","zone_fid (paddock)","77e3ef0aecd1497c187d930959110d994081c800b510c78004514a007126494a","diagnostic - NOT registered, and nothing here is proposed for registration","residual_z_local = residual / SD of the residuals in this part's water quartile. ADDITIONAL COLUMN. It does not replace the published residual and the shipped GeoPackage and CSV are not edited."
"05_inland",5,"Bala 1","inland",9808,15.61582,9.74380383352882,2,8.48562122135004,1.14827230433208,103,102,-1,"pixel","part (paddock x community)","1988-2022","pixel-weighted by the part's cell count","BETWEEN-UNIT (across parts)","zone_fid (paddock)","77e3ef0aecd1497c187d930959110d994081c800b510c78004514a007126494a","diagnostic - NOT registered, and nothing here is proposed for registration","residual_z_local = residual / SD of the residuals in this part's water quartile. ADDITIONAL COLUMN. It does not replace the published residual and the shipped GeoPackage and CSV are not edited."
"51_aeolian",51,"Dinan 3","aeolian",2417,0.997691428571428,10.2753627907193,1,12.8110143844197,0.802072535584362,104,86,-18,"pixel","part (paddock x community)","1988-2022","pixel-weighted by the part's cell count","BETWEEN-UNIT (across parts)","zone_fid (paddock)","77e3ef0aecd1497c187d930959110d994081c800b510c78004514a007126494a","diagnostic - NOT registered, and nothing here is proposed for registration","residual_z_local = residual / SD of the residuals in this part's water quartile. ADDITIONAL COLUMN. It does not replace the published residual and the shipped GeoPackage and CSV are not edited."
"06_inland",6,"Bala 2","inland",26087,11.3494885714286,10.6220776119005,2,8.48562122135004,1.25177371636329,105,104,-1,"pixel","part (paddock x community)","1988-2022","pixel-weighted by the part's cell count","BETWEEN-UNIT (across parts)","zone_fid (paddock)","77e3ef0aecd1497c187d930959110d994081c800b510c78004514a007126494a","diagnostic - NOT registered, and nothing here is proposed for registration","residual_z_local = residual / SD of the residuals in this part's water quartile. ADDITIONAL COLUMN. It does not replace the published residual and the shipped GeoPackage and CSV are not edited."
"10_riverine",10,"Bala 6","riverine",13478,3.12106571428571,11.3852988939023,1,12.8110143844197,0.888711740714979,106,89,-17,"pixel","part (paddock x community)","1988-2022","pixel-weighted by the part's cell count","BETWEEN-UNIT (across parts)","zone_fid (paddock)","77e3ef0aecd1497c187d930959110d994081c800b510c78004514a007126494a","diagnostic - NOT registered, and nothing here is proposed for registration","residual_z_local = residual / SD of the residuals in this part's water quartile. ADDITIONAL COLUMN. It does not replace the published residual and the shipped GeoPackage and CSV are not edited."
"48_aeolian",48,"Mara 4","aeolian",33,1.81818285714286,11.5807330808804,1,12.8110143844197,0.903966909518459,107,91,-16,"pixel","part (paddock x community)","1988-2022","pixel-weighted by the part's cell count","BETWEEN-UNIT (across parts)","zone_fid (paddock)","77e3ef0aecd1497c187d930959110d994081c800b510c78004514a007126494a","diagnostic - NOT registered, and nothing here is proposed for registration","residual_z_local = residual / SD of the residuals in this part's water quartile. ADDITIONAL COLUMN. It does not replace the published residual and the shipped GeoPackage and CSV are not edited."
"10_inland",10,"Bala 6","inland",18947,15.8261085714286,12.2159422760361,2,8.48562122135004,1.43960494551659,108,108,0,"pixel","part (paddock x community)","1988-2022","pixel-weighted by the part's cell count","BETWEEN-UNIT (across parts)","zone_fid (paddock)","77e3ef0aecd1497c187d930959110d994081c800b510c78004514a007126494a","diagnostic - NOT registered, and nothing here is proposed for registration","residual_z_local = residual / SD of the residuals in this part's water quartile. ADDITIONAL COLUMN. It does not replace the published residual and the shipped GeoPackage and CSV are not edited."
"38_aeolian",38,"Mara 8","aeolian",1894,3.97496285714286,12.2604276348968,1,12.8110143844197,0.957022392372569,109,92,-17,"pixel","part (paddock x community)","1988-2022","pixel-weighted by the part's cell count","BETWEEN-UNIT (across parts)","zone_fid (paddock)","77e3ef0aecd1497c187d930959110d994081c800b510c78004514a007126494a","diagnostic - NOT registered, and nothing here is proposed for registration","residual_z_local = residual / SD of the residuals in this part's water quartile. ADDITIONAL COLUMN. It does not replace the published residual and the shipped GeoPackage and CSV are not edited."
"37_aeolian",37,"Mara 7","aeolian",615,1.52380857142857,12.3855394689872,1,12.8110143844197,0.966788350815532,110,93,-17,"pixel","part (paddock x community)","1988-2022","pixel-weighted by the part's cell count","BETWEEN-UNIT (across parts)","zone_fid (paddock)","77e3ef0aecd1497c187d930959110d994081c800b510c78004514a007126494a","diagnostic - NOT registered, and nothing here is proposed for registration","residual_z_local = residual / SD of the residuals in this part's water quartile. ADDITIONAL COLUMN. It does not replace the published residual and the shipped GeoPackage and CSV are not edited."
"61_aeolian",61,"Dinan 11","aeolian",2003,1.88860571428571,12.8009546970737,1,12.8110143844197,0.999214762621903,111,95,-16,"pixel","part (paddock x community)","1988-2022","pixel-weighted by the part's cell count","BETWEEN-UNIT (across parts)","zone_fid (paddock)","77e3ef0aecd1497c187d930959110d994081c800b510c78004514a007126494a","diagnostic - NOT registered, and nothing here is proposed for registration","residual_z_local = residual / SD of the residuals in this part's water quartile. ADDITIONAL COLUMN. It does not replace the published residual and the shipped GeoPackage and CSV are not edited."
"32_riverine",32,"Mara 12","riverine",230,21.0062142857143,12.8871431863404,3,6.33433521519219,2.03449024223285,112,115,3,"pixel","part (paddock x community)","1988-2022","pixel-weighted by the part's cell count","BETWEEN-UNIT (across parts)","zone_fid (paddock)","77e3ef0aecd1497c187d930959110d994081c800b510c78004514a007126494a","diagnostic - NOT registered, and nothing here is proposed for registration","residual_z_local = residual / SD of the residuals in this part's water quartile. ADDITIONAL COLUMN. It does not replace the published residual and the shipped GeoPackage and CSV are not edited."
"60_riverine",60,"Dinan 14","riverine",166,10.1721171428571,13.3908725456151,2,8.48562122135004,1.57806626012522,113,112,-1,"pixel","part (paddock x community)","1988-2022","pixel-weighted by the part's cell count","BETWEEN-UNIT (across parts)","zone_fid (paddock)","77e3ef0aecd1497c187d930959110d994081c800b510c78004514a007126494a","diagnostic - NOT registered, and nothing here is proposed for registration","residual_z_local = residual / SD of the residuals in this part's water quartile. ADDITIONAL COLUMN. It does not replace the published residual and the shipped GeoPackage and CSV are not edited."
"54_aeolian",54,"Dinan 7","aeolian",87,2.85714857142857,14.6481035867325,1,12.8110143844197,1.14339919909441,114,100,-14,"pixel","part (paddock x community)","1988-2022","pixel-weighted by the part's cell count","BETWEEN-UNIT (across parts)","zone_fid (paddock)","77e3ef0aecd1497c187d930959110d994081c800b510c78004514a007126494a","diagnostic - NOT registered, and nothing here is proposed for registration","residual_z_local = residual / SD of the residuals in this part's water quartile. ADDITIONAL COLUMN. It does not replace the published residual and the shipped GeoPackage and CSV are not edited."
"31_aeolian",31,"Mara 13","aeolian",47,2.12766,18.9427307178021,1,12.8110143844197,1.47862847932163,115,111,-4,"pixel","part (paddock x community)","1988-2022","pixel-weighted by the part's cell count","BETWEEN-UNIT (across parts)","zone_fid (paddock)","77e3ef0aecd1497c187d930959110d994081c800b510c78004514a007126494a","diagnostic - NOT registered, and nothing here is proposed for registration","residual_z_local = residual / SD of the residuals in this part's water quartile. ADDITIONAL COLUMN. It does not replace the published residual and the shipped GeoPackage and CSV are not edited."
