item_id,type,file_path,sha256,registered_in,claim_supported,ship_flag,caption_status,caption,display_order,section
T3,table,Output/pack/Gayini_what_we_dont_know.md,bf148e7adaa2efb87928adaa889e2f67eca3b927d52c5dcf19d6eed73953f191,(pack root page - registered with the workbook at P4),7,SHIP,WRITTEN PAGE in the pack root; read before quoting anything from this pack,,1,Read first
T1,table,Output/tables/T1_conserved_paddock_comparison.csv,451615d34606208324243f1c94f206d86f0b2188713af497636a704deea82383,table_t1_conserved_paddock_comparison,5,SHIP,WRITTEN 2026-08-05 (Gayini_pack_captions_final_20260805.md),"The four paddocks with grazing excluded, compared on every axis we can measure. They are not one condition. Ranked by how often they flood they sit 3rd, 6th, 31st and 61st of 64 - Bala 26ca and Bala 28ca in the wettest tenth of the property, Bala 29ca in the driest 5%. They also differ in size, in which kinds of country they hold, and in how many monitoring sites they carry. Read this before any comparison of conserved against grazed ground. A reference state is only useful if it describes one thing, and this one does not.",2,Read first
T1_render,render,Output/figures/T1_conserved_paddock_comparison.png,999e5074a4a6bb9a69aa7fe982552f8f4c67ae88354dd2c1b31ce82ac91b23e3,figure_t1_conserved_paddock_comparison,5,SHIP,WRITTEN 2026-08-05 (Gayini_pack_captions_final_20260805.md),"The same four-paddock comparison, drawn. Same content as T1, for putting on a slide. Where the two differ, T1 is the authority.",3,Read first
T2,table,Output/tables/T13_gateC_classification.csv,08214fc956f40b1c6267f067f92105c202142cc5905cc515351c695c86ae2372,table_t13_gatec_classification,6,SHIP,WRITTEN 2026-08-05 (Gayini_pack_captions_final_20260805.md),"All 115 paddock-parts with sufficient record, each classified against what its own kind of country does at its own level of flooding. A part is one paddock's portion of one vegetation community. 8 are recovering, 16 declining, 14 persistently poor and 77 unremarkable. Three of the 118 parts fall below the support rule and are absent - Bala 15's Riverine portion, Bala 28ca's Aeolian portion, and Mara 3's Aeolian portion. This is the lookup table behind the maps. The classification is definition-sensitive: see M4b.",4,Read first
M1,map,Output/figures/diagnostics/T1_A_zone_map_named.png,a7bdeceb3e14c19aad9c85bf0428c4e1b173ba3fedeb1d18adbe6aa6dc8d1392,figure_t1_a_zone_map_named,1,SHIP,WRITTEN 2026-08-05 (Gayini_pack_captions_final_20260805.md),"All 64 management zones, named, coloured by grazing treatment. Sixty are under 14-day rotational grazing and four have grazing excluded. All four conserved paddocks are in the Bala block, so 'not grazed' and 'in Bala' describe the same ground and no analysis here can separate them. The standard-grazing land carries no mapped zone and does not appear on this map at all.",5,The argument
F5,figure,Output/figures/F5_cover_vs_water_64_paddocks.png,72fa686516fb146960f1dd7823b9b8bdaebe15e0cc4c3d34e9487c3769ad2cac,figure_f5_cover_vs_water_64_paddocks,3,SHIP,WRITTEN 2026-08-05 (Gayini_pack_captions_final_20260805.md),"Cover in the poorest patches against flood frequency, one point per paddock. The relationship accounts for about half the variation between paddocks (r = 0.71). This line is the expectation every residual in M5b is measured against, and it is why comparing paddocks requires adjusting for water first. Fitted across all 64 paddocks including the four conserved ones. It is a description of this property, not a general law.",6,The argument
F3,figure,Output/figures/F3_annual_gap_series.png,7a75a9b8afe22ec3919eede141aa2e5481b96cc359639f365fe2cbf5b781632f,figure_f3_annual_gap_series,1,SHIP,WRITTEN 2026-08-05 (Gayini_pack_captions_final_20260805.md),"Is conserved country pulling away from grazed country? The gap in cover floor between conserved and grazed paddocks, each water year. Above zero means conserved is higher. With Bala 29ca removed the gap is flat - +0.057 percentage points a year, correlation 0.22, averaging 2.1 points below grazed country and crossing zero in both directions. Conserved country is neither pulling away from grazed country nor falling behind it. Bala 29ca alone rises at +0.919 points a year. The four-paddock line at +0.273 is that one paddock carried by the average.",7,The argument
M5b,map,Output/figures/M5b_paddock_residual_from_expectation.png,aa4a4b57b77e0f19830901689d77b4e9f6b7b6dca136faef38ef2d695065c056,figure_m5b_paddock_residual_from_expectation,3,SHIP,WRITTEN 2026-08-05 (Gayini_pack_captions_final_20260805.md),"Each paddock's distance from what its flooding predicts, mapped. Positive means more cover in the poorest patches than its water would predict. The largest shortfalls are Bala 15 at -17.6 percentage points, Bala 29ca at -16.8, and Dinan 10 and Dinan 13 at -15.1 and -15.0 - effectively tied, and both grazed. A shortfall is a question, not a verdict. No land-use history exists for any paddock.",8,The argument
M4,map,Output/figures/T13_D1_part_state_map_and_scatter.png,85502c156e81e825b0733db4d98a2f226c2c9498609da5badd30972c2f6472ef,figure_t13_d1_part_state_map_and_scatter,6,SHIP,WRITTEN 2026-08-05 (Gayini_pack_captions_final_20260805.md),"The 115 parts mapped by state, with the scatter they were classified from. Decline clusters in the east; recovery and persistently poor country in the south-west. The pattern is geographic and it does not follow management: conserved and grazed parts appear in every state. Why geography organises this and management does not is not established here.",9,The argument
F7,figure,Output/figures/T13_D1_part_state_map_and_scatter.png,85502c156e81e825b0733db4d98a2f226c2c9498609da5badd30972c2f6472ef,figure_t13_d1_part_state_map_and_scatter,6,SHIP,WRITTEN 2026-08-05 (Gayini_pack_captions_final_20260805.md),"Bala 29ca's three parts, in the same classification. The paddock is roughly a third Inland Floodplain, a third Riverine and a third Aeolian, and its parts behave in opposite directions - the Aeolian portion sits far below its community's typical level, the Inland portion only a little below. Any whole-paddock number for Bala 29ca is an average across three communities that disagree. Decompose before interpreting.",10,The argument
M4b,map,Output/figures/T13_D2_part_state_map_sensitivity.png,858b6ee846ad5a6538b311b685810d455178529d56e4db5a7eee3685e04497cc,figure_t13_d2_part_state_map_sensitivity,6,SHIP,WRITTEN 2026-08-05 (Gayini_pack_captions_final_20260805.md),"The same classification at looser and tighter thresholds. The count of recovering parts runs from 3 to 15 across the range tested, and 8 at the registered cut. The sets are strictly nested - parts enter and leave as the cut moves, but never swap places. Treat the eight as one defensible answer rather than the only one. Five of the eight survive removing the two wettest years.",11,The argument
M5,map,Output/figures/M5_dual_grain_floor_and_flood.png,17069a37565f408992962fbf57f5427146267f68b0562783e97f66a9b6252f60,figure_m5_dual_grain_floor_and_flood,3,SHIP,WRITTEN 2026-08-05 (Gayini_pack_captions_final_20260805.md),"The same relationship drawn for whole paddocks and for paddock-parts. Paddock averages conceal parts moving in opposite directions. A paddock is a stock-and-water unit, not an ecological one, and where the two grains disagree the part is the more honest answer. The two panels are not numerically comparable and should never be quoted against one another.",12,Supporting detail
F1,figure,Output/figures/diagnostics/T2_E_paddock_trajectories.png,d78cdf2ab034279577e34b2becd801aac836f08096d250cdfbd1aecd26b5de34,figure_t2_e_paddock_trajectories,1,SHIP,WRITTEN 2026-08-05 (Gayini_pack_captions_final_20260805.md),"How each conserved paddock's country tracks comparable grazed country, 1988-2023. Each coloured line is one conserved paddock's portion of one kind of country, year by year. The grey band is the middle half of grazed portions of that same country - a quarter sit above it, a quarter below - with the median through it. A line inside the band is behaving like ordinary grazed country of its kind. Where conserved country differs from grazed country, the difference belongs almost entirely to Bala 29ca - and it begins around thirty years before conservation management did.",13,Supporting detail
F2,figure,Output/figures/diagnostics/T2_E_paddock_trajectories_mean.png,88510ca537b59ffb0dff23406dd85b62b7bd8352cc131989ed0ca73e97d37356,figure_t2_e_paddock_trajectories_mean,5,SHIP,WRITTEN 2026-08-05 (Gayini_pack_captions_final_20260805.md),"The same record, on average cover instead of the poorest patches. The difference between conserved and grazed country shrinks from about 32 percentage points to about 4 in Aeolian country when the measure changes from the poorest patches to the average. It does not disappear - Bala 29ca still runs below the band through the 1990s and 2000s - but an assessment built on average cover would report differences small enough to dismiss. This is why the assessment reports the poorest patches.",14,Supporting detail
F6,figure,Output/figures/diagnostics/T6_A_three_arm_grid.png,2fb393b990a0f72bd9986c47a1ac3a398e44d417e39cf75480fa962ed47e7f3d,figure_t6_a_three_arm_grid,4,SHIP,WRITTEN 2026-08-05 (Gayini_pack_captions_final_20260805.md),"Does grazing intensity show up in the ground cover? Three management arms compared with 14-day rotational country of the same wetness, by kind of country. Each panel gives the raw difference and the difference after comparing like country with like. The ordering runs opposite to expectation. The least-managed land - unzoned country carrying standard grazing - sits at or above the rotational band in six of nine strata, and eight of nine for the plot-confirmed subset. The conserved arm sits below it in two of three communities. Either grazing intensity does not order ground cover on this property, or the unzoned land is less grazed rather than more. No stocking record exists, so nothing here distinguishes the two.",15,Supporting detail
M2,map,Output/figures/diagnostics/T2_G_plot_paddock_coverage.png,b9fa880d4b97d0590067538285ca36a7bdf73af4b0e59194163c9194682dc781,figure_t2_g_plot_paddock_coverage,5,SHIP,WRITTEN 2026-08-05 (Gayini_pack_captions_final_20260805.md),"The 66 monitoring sites against the management zones. Fifteen standard-grazing sites fall outside every mapped zone - not one is inside a paddock boundary. That is why the third grazing regime has never previously been reported at paddock scale, and why the site and paddock reports exclude it. The exclusion is stated rather than accidental, but it is still an exclusion.",16,Supporting detail
M3,map,Output/figures/diagnostics/T2_B2_duration_map.png,8362c9d69c4da5ffee90e8c30f2b70b39d0cef5ee3fe453da63189ae0f44b995,figure_t2_b2_duration_map,3,SHIP,WRITTEN 2026-08-05 (Gayini_pack_captions_final_20260805.md),"The share of years each place held cover above the working threshold. Longest-held cover follows the channels and depressions rather than the paddock boundaries. No headline area figure should be quoted from this map. Persistent cover does not fall into classes - sweeping the threshold produces a smooth decline with no natural break, and a five-point move either side of the working cut changes the mapped area by a factor of three.",17,Supporting detail
