claim_id,section,page_ref,claim_text,claim_type,stated_value,stated_units,figure_ref,verdict,found_value,source_object,source_query,evidence,notes
DOC1-001,front matter,,Draft v6 · 4 August 2026 · Nari Nari Tribal Council · Biodiversity Conservation Trust · UNSW Centre for Ecosystem Science,value,6;4;2026,,,,,,,,
DOC1-002,1. Study area and scope,,"The property covers 85,911 ha, of which 67,349 ha fall within the mapped vegetation census used throughout.",structural,"85,911;67,349",ha,,,,,,,
DOC1-003,1. Study area and scope,,"The assessment characterises the inundation regime and the vegetation cover response across the property over the full Landsat archive period, 1988 to 2023.",value,1988;2023,,,,,,,,
DOC1-004,1. Study area and scope,,"It is descriptive at property scale and does not attribute observed behaviour to particular management interventions, for reasons set out in Section 11.",value,11,,,,,,,,
DOC1-005,1. Study area and scope,,"The first is a whole-property census of every mapped cell, which establishes how flooding is organised and how cover responds to it (Section 7).",structural,7,cells,,,,,,,
DOC1-006,1. Study area and scope,,"The second applies that framework to management units — paddocks, parts of paddocks, and monitoring sites — to ask whether management can be distinguished (Sections 8 to 10).",structural,8;10,,,,,,,,
DOC1-007,2. Data sources,,"Landsat 5, 7, 8, 9 | Fractional cover — photosynthetic, non-photosynthetic and bare fractions; seasonal composites | Vegetation cover, 1988–2023",structural,"5,;7,;8,;9;1988;2023",,,,,,,,table row
DOC1-008,2. Data sources,,"Landsat-derived water observations | Annual inundation occurrence | Flood frequency, 1988–2023",structural,1988;2023,,,,,,,,table row
DOC1-009,2. Data sources,,Property spatial data | 64 management zones with grazing treatment attribute | Management units,structural,64,,,,,,,,table row
DOC1-010,2. Data sources,,Ground monitoring network | 66 one-hectare plots | Independent reference; not merged with satellite results,structural,66,ha,,,,,,,table row
DOC1-011,2. Data sources,,All products are held on a common analysis grid in EPSG:8058 at 24.97 m.,structural,8058;24.97,m,,,,,,,
DOC1-012,2. Data sources,,Vegetation percentile surfaces are natively 30 m and were bilinearly resampled to that grid; inundation surfaces are natively 25 m and were resampled by nearest neighbour.,value,30;25,m,,,,,,,
DOC1-013,2. Data sources,,Fractional cover and inundation are ingested as external products and are not computed within this assessment.,method,,,,,,,,,
DOC1-014,2. Data sources,,"VERIFY  The fractional cover algorithm version, cross-sensor calibration between Landsat 5, 7, 8 and 9, and the treatment of the Landsat 7 scan-line failure after 2003 cannot be established from the analysis code, because the products are ingested rather than derived.",value,"5,;7,;8;9,;7;2003",,,,,,,,VERIFY flag 1
DOC1-015,2. Data sources,,Provider product metadata and citations are required and are currently absent.,interpretive,,,,,,,,,VERIFY flag 1
DOC1-016,3. The analytical substrate,,The analysis replaces the 66 monitoring plots with a census of every mapped cell.,structural,66,cells,,,,,,,
DOC1-017,3. The analytical substrate,,"The census comprises 1,080,157 cells, each carrying one flood-frequency value and a set of cover percentiles.",structural,"1,080,157",cells,Figure 1,,,,,,
DOC1-018,3. The analytical substrate,,"It covers 67,349.3 ha of the 85,910.8 ha property — 78.4% — the remainder being unmapped for vegetation community.",structural,"67,349.3;85,910.8;78.4",%;ha,Figure 1,,,,,,
DOC1-019,3. The analytical substrate,,"No inferential statistic in this assessment treats the cells as independent, and no confidence interval or p-value is computed on that basis.",method,,cells,Figure 1,,,,,,
DOC1-020,3.1 Stratification,,"Two further context strata (Floodplain Woodland and Forest, 86,375 cells; other minor units, 4,951 cells) are set aside as treed or minor and carry no headline result.",structural,"86,375;4,951",cells,Figure 1,,,,,,
DOC1-021,3.1 Stratification,,"Inland Floodplain carries approximately 239,000 cells per band against approximately 25,000 for Aeolian, so any property-wide aggregate is dominated by Inland Floodplain unless explicitly area-weighted or reported per stratum.",value,"239,000;25,000",cells,Figure 1,,,,,,
DOC1-022,3.1 Stratification,,Figure 2 shows the stratification across the property.,value,2,,Figure 2,,,,,,
DOC1-023,3.1 Stratification,,"Where a comparable classification is needed, the absolute flood zones of Figure 5 use fixed breaks at 10%, 25% and 50% instead.",structural,5;10;25;50,%,Figure 2,CONFIRMED,fixed breaks 10/25/50 vs within-community terciles,R/gayini_f5_legibility_figures.R:104-105,,Tercile statement and its absolute-zone alternative both correct.,"DOC-1 Gate C, 4 Aug 2026"
DOC1-024,4.1 Ground cover,,"Total vegetation cover is the sum of the photosynthetic and non-photosynthetic fractional cover bands, as a percentage of ground area.",method,,,Figure 2,,,,,,
DOC1-025,4.3 Percentiles,,"The p-th percentile is the value below which p per cent of a set falls — the 5th percentile is exceeded by 95% of the set, the 50th is the median.",method,5;95;50,%,Figure 2,,,,,,
DOC1-026,4.3 Percentiles,,"Percentiles are order statistics: read off the ranked values directly, with no model, no distributional assumption and no fitting.",method,,,Figure 2,,,,,,
DOC1-027,4.3 Percentiles,,"A percentile is unaffected by the magnitude of extreme values, only by their rank.",method,,,Figure 2,,,,,,
DOC1-028,4.3 Percentiles,,Percentiles are reported as measured and never subtracted from one another to form a derived index.,method,,,Figure 2,,,,,,
DOC1-029,4.3 Percentiles,,"The 5th percentile of a combined area is not the mean of the 5th percentiles of its parts, so percentiles are recomputed at each support rather than aggregated upward.",value,5;5,,Figure 2,,,,,,
DOC1-030,4.4 The two floors,,"Two distinct 5th-percentile metrics are in use, differing in the axis along which the percentile is taken.",value,5,,Figure 2,,,,,,
DOC1-031,4.4 The two floors,,"Spatial floor | 5th percentile of cover across the cells of a unit, within a single year | Across space, within a year | veg_p05_spatial",structural,5;05,cells,,,,,,,table row
DOC1-032,4.4 The two floors,,"Temporal floor | 5th percentile of one cell's cover across the full record | Across time, within a cell | veg_p05",structural,5;05,cells,,,,,,,table row
DOC1-033,4.4 The two floors,,"For Bala 29ca the two read 40.5% and 51.1% respectively, the latter pixel-weighted across the paddock's non-treed strata; an unweighted mean of the same strata would give 55.6%.",value,29;40.5;51.1;55.6,%,Figure 2,,,,,,
DOC1-034,4.4 The two floors,,Every unit-scale figure uses the spatial floor unless stated otherwise; the census percentile results of Section 7 use the temporal floor.,value,7,,Figure 2,,,,,,
DOC1-035,5. Why the floor rather than the mean,,The 5th percentile isolates the least-covered ground and responds far more strongly to inundation.,value,5,,Figure 2,,,,,,
DOC1-036,5. Why the floor rather than the mean,,"Figure 6 in Section 7 is the direct evidence, and Figure 20 is the control demonstrating that the mean does not carry the signal.",value,6;7;20,,Figure 2,,,,,,
DOC1-037,"6.1 The expectation line, and what a residual is",,"Three of the four ungrazed paddocks rank 3rd, 6th and 31st of 64 on flood frequency while the fourth ranks 61st, so a direct comparison would substantially measure landscape position.",structural,3;6;31;64;61,,Figure 2,,,,,,
DOC1-038,"6.1 The expectation line, and what a residual is",,"A bivariate ordinary least squares regression was therefore fitted across all 64 paddocks, with the paddock cover floor as the response and mean annual flood frequency as the single predictor.",value,64,,Figure 2,,,,,,
DOC1-039,"6.1 The expectation line, and what a residual is",,Ordinary least squares selects the straight line minimising the sum of squared vertical distances between observed values and the line.,method,,,Figure 2,,,,,,
DOC1-040,"6.1 The expectation line, and what a residual is",,predicted floor = 52.65 + 0.548 × flood frequency (%),value,52.65;0.548,%,Figure 2,,,,,,
DOC1-041,"6.1 The expectation line, and what a residual is",,"The slope of 0.548 means a paddock flooding in ten per cent more years carries, on average, 5.5 percentage points more cover on its poorest ground.",value,0.548;5.5,pp,Figure 2,,,,,,
DOC1-042,"6.1 The expectation line, and what a residual is",,"The intercept of 52.65 is the fitted value at zero flooding; no paddock is at zero, so it is an extrapolation and is not interpreted.",value,52.65,,Figure 2,,,,,,
DOC1-043,"6.1 The expectation line, and what a residual is",,"Fit statistics: r = 0.71, so the relationship accounts for approximately half the variance in floor between paddocks (r² ≈ 0.50).",structural,0.71;0.50,,Figure 2,,,,,,
DOC1-044,"6.1 The expectation line, and what a residual is",,"The residual standard deviation is 6.62 percentage points, computed on the population convention (ddof = 0), and the residual standard error 6.73.",value,6.62;0;6.73,pp,Figure 2,CONFIRMED,6.621 (ddof=0) and RSE 6.727,dim_headline_number,,Population convention now stated explicitly.,"DOC-1 Gate C, 4 Aug 2026"
DOC1-045,"6.1 The expectation line, and what a residual is",,The standard error of the slope is 0.069.,value,0.069,,Figure 2,CONFIRMED,0.0691,scripts/11_database/build_REG1_gateB_register.py,,Rounds to 0.069.,"DOC-1 Gate C, 4 Aug 2026"
DOC1-046,"6.1 The expectation line, and what a residual is",,residual = observed floor − (52.65 + 0.548 × its flood frequency),value,52.65;0.548,,Figure 2,,,,,,
DOC1-047,"6.1 The expectation line, and what a residual is",,A residual of −16.8 percentage points means the paddock carries 16.8 points less cover on its poorest ground than paddocks of comparable wetness typically do.,structural,−16.8;16.8,pp,Figure 2,,,,,,
DOC1-048,"6.1 The expectation line, and what a residual is",,"This is a simple subtraction, not a standardised score.",method,,,Figure 2,,,,,,
DOC1-049,"6.1 The expectation line, and what a residual is",,"At 6.62 percentage points, a residual of −16.8 is about 2.5 typical misses below the line — large.",value,6.62;−16.8;2.5,pp,Figure 2,,,,,,
DOC1-050,"6.1 The expectation line, and what a residual is",,The legend of Figure 18 places its tick marks at one and two residual standard deviations for this reason.,value,18,,Figure 2,,,,,,
DOC1-051,"6.1 The expectation line, and what a residual is",,The regression constants are registered and read at render time by every figure that draws them.,method,,,Figure 2,CONFIRMED,no render path hardcodes the constants in place of the registry,scripts/12_zone_stratum/build_adrian_pack_T1_F3_F5.R:266,,"TRUE as stated. Both R render paths additionally stopifnot() against literals 52.652934/0.547838/6.6208, so a legitimate re-pin stops the render rather than flowing through.","DOC-1 Gate C, 4 Aug 2026"
DOC1-052,"6.1 The expectation line, and what a residual is",,"VERIFY  Regression diagnostics are neither reported nor computed anywhere in the analysis: residual normality, constant variance across the flood-frequency range, and per-paddock leverage are not assessed.",method,,,Figure 2,,,,,,VERIFY flag 2
DOC1-053,"6.1 The expectation line, and what a residual is",,With n = 64 and two low outliers these are worth running before publication.,value,64,,Figure 2,,,,,,VERIFY flag 2
DOC1-054,"6.1 The expectation line, and what a residual is",,"A separate robustness check does exist — three alternative fits (bivariate, plus community, and within Inland Floodplain) whose intercept spread is registered.",interpretive,,,Figure 2,,,,,,VERIFY flag 2
DOC1-055,6.2 Trends over time,,"Trends are ordinary least squares slopes of the annual series against water year, in percentage points of cover per year.",method,,pp,Figure 2,,,,,,
DOC1-056,6.2 Trends over time,,"A slope of +0.556 pp/yr indicates the floor rising by about half a percentage point annually, approximately 19 points across the 35-year record.",value,+0.556;19;35,pp;pp/yr,Figure 2,,,,,,
DOC1-057,6.2 Trends over time,,"Correlation coefficients accompanying trends (reported as r) measure how consistently the series follows the fitted line, not how steep it is.",method,,,Figure 2,,,,,,
DOC1-058,6.3 Water-adjusted trend,,The water-adjusted trend is estimated in two sequential stages rather than by a joint regression.,method,,,Figure 2,CONFIRMED,two sequential OLS stages,scripts/12_zone_stratum/build_T13_gateB_measures.py:46-47,,"Sequential, not joint - as described.","DOC-1 Gate C, 4 Aug 2026"
DOC1-059,6.3 Water-adjusted trend,,"Stage 1:   cover(i,t) = a + b · flood_frac(i,t) + e(i,t)",value,1,,Figure 2,,,,,,
DOC1-060,6.3 Water-adjusted trend,,"Stage 2:   e(i,t)     = c + d · t + u(i,t)",value,2,,Figure 2,,,,,,
DOC1-061,6.3 Water-adjusted trend,,"Stage 1 regresses the unit's annual cover floor on its annual flood fraction — a continuous measure of the share of the unit wet that year, not a binary wet/dry state — giving the unit's own water sensitivity b.",value,1,,Figure 2,CONFIRMED,"flood_frac_pct, continuous",fact_zone_community_flood_annual,,"Continuous share, not a binary state.","DOC-1 Gate C, 4 Aug 2026"
DOC1-062,6.3 Water-adjusted trend,,Stage 2 takes the trend d in the residuals from stage 1.,value,2;1,,Figure 2,,,,,,
DOC1-063,6.3 Water-adjusted trend,,The reported water-adjusted trend is d.,method,,,Figure 2,,,,,,
DOC1-064,6.3 Water-adjusted trend,,"This estimates the trend in what water does not explain, which is not the same as controlling for water.",method,,,Figure 2,CONFIRMED,wording matches the estimator,scripts/12_zone_stratum/build_T13_gateB_measures.py,,"""the trend in what water does not explain"" is the correct description of a two-stage residual estimate.","DOC-1 Gate C, 4 Aug 2026"
DOC1-065,6.3 Water-adjusted trend,,"A two-stage residual estimate equals the year coefficient of a joint regression only when flood and year are orthogonal within the unit, and in general they are not.",method,,,Figure 2,CONFIRMED,orthogonality caveat correct,scripts/12_zone_stratum/build_T13_gateB_measures.py,,"The non-obvious branch, stated correctly.","DOC-1 Gate C, 4 Aug 2026"
DOC1-066,6.3 Water-adjusted trend,,"For Bala 29ca the raw floor trend is +0.682 pp/yr, the water slope b is 0.414, and the water-adjusted trend d is +0.556 pp/yr.",value,29;+0.682;0.414;+0.556,pp;pp/yr,Figure 2,,,,,,
DOC1-067,6.3 Water-adjusted trend,,"Approximately 81.6% of the raw improvement survives the adjustment, so it is not principally a wet-period artefact.",value,81.6,%,Figure 2,,,,,,
DOC1-068,6.3 Water-adjusted trend,,"Units whose flood series has near-zero variance are flagged unreliable rather than reported, because stage 1 is then fitted on a predictor that does not vary.",value,1,,Figure 2,CONFIRMED,near-zero-variance units flagged UNRELIABLE,scripts/12_zone_stratum/build_T13_gateB_measures.py:78,,Guard exists as described.,"DOC-1 Gate C, 4 Aug 2026"
DOC1-069,6.4 Community-scaled scores,,Both are standardised within community as z-scores:,method,,,Figure 2,,,,,,
DOC1-070,6.4 Community-scaled scores,,A z-score expresses a value as a number of standard deviations from its community's mean.,method,,,Figure 2,,,,,,
DOC1-071,6.4 Community-scaled scores,,"These are sample standard deviations (ddof = 1), a different convention from the population residual standard deviation of Section 6.1; the two are not interchangeable at the precision stated.",value,1;6.1,,Figure 2,CONFIRMED,"ddof=1 sample SD, contrasted with the ddof=0 of 6.1",Output/tables/T13_gateC_classification.csv,,The clause Gate B asked for is present and correct.,"DOC-1 Gate C, 4 Aug 2026"
DOC1-072,6.4 Community-scaled scores,,Standardising within community is essential because the spreads differ substantially:,method,,,Figure 2,,,,,,
DOC1-073,6.4 Community-scaled scores,,Aeolian Chenopod Shrublands | 17 | 11.92 | 0.241,structural,17;11.92;0.241,,,,,,,,table row
DOC1-074,6.4 Community-scaled scores,,Riverine Chenopod Shrublands | 37 | 10.86 | 0.330,structural,37;10.86;0.330,,,,,,,,table row
DOC1-075,6.4 Community-scaled scores,,Inland Floodplain Shrublands / Swamps | 61 | 6.03 | 0.179,structural,61;6.03;0.179,,,,,,,,table row
DOC1-076,6.4 Community-scaled scores,,The same departure in percentage points therefore means something different in each community: a 6-point shortfall is about half a standard deviation in chenopod country and a full standard deviation on the floodplain.,structural,6,pp,Figure 2,,,,,,
DOC1-077,6.4 Community-scaled scores,,"Classification uses a pre-registered cut of ±1.0 standard deviations on both axes, with alternative cuts at 0.50, 0.75, 1.25 and 1.50 reported alongside.",value,1.0;0.50;0.75;1.25;1.50,,Figure 2,CONFIRMED,"CUTS=[0.50,0.75,1.00,1.25,1.50], REGISTERED_CUT=1.00",scripts/12_zone_stratum/build_T13_gateC*.py,,Pre-registered cut and all four alternatives match.,"DOC-1 Gate C, 4 Aug 2026"
DOC1-078,6.5 Same-year response,,"For each cell, the Pearson correlation between its annual total cover and its annual wet/dry state across the record.",method,,cells,Figure 2,,,,,,
DOC1-079,6.5 Same-year response,,A cell yields a defined r only if all four of the following hold: at least 25 paired cover-years; non-degenerate variance in both series; at least one wet and one dry year; and a finite result.,structural,25,cells,Figure 2,,,,,,
DOC1-080,6.5 Same-year response,,"A stratum is classified as responding when two conditions are met together: a median r of 0.20 or above, and a sufficient proportion of cells sharing the same sign of response.",structural,0.20,cells,Figure 2,,,,,,
DOC1-081,6.5 Same-year response,,The 0.20 value is a chosen reporting default rather than a derived threshold.,value,0.20,,Figure 2,,,,,,
DOC1-082,6.5 Same-year response,,"The classification is a two-part rule, not a threshold on the median alone.",method,,,Figure 2,,,,,,
DOC1-083,6.5 Same-year response,,Applying the 0.20 cut without the sign-consistency condition would classify some strata differently.,structural,0.20,,Figure 2,CONTRADICTED,No stratum is classified differently. Cut-alone = two-part rule = 5 of 8,"Output/diagnostics/tier2H_g1b_census_veg_wet_response_by_stratum.csv ; scripts/03_inundation_products/20_run_census_veg_wet_response.R:54-56,218","python -c ""import csv,io;rows=list(csv.DictReader(io.StringIO(chr(10).join(l for l in open('Output/diagnostics/tier2H_g1b_census_veg_wet_response_by_stratum.csv',encoding='utf-8').read().splitlines() if not l.startswith('#')))))"" ; compare (median_r>=0.20) against (median_r>=0.20 and sign_frac_pos>=0.70)","SIGN_FRAC = 0.70 (line 55). The minimum sign_frac_pos across the 8 measurable strata is 0.861 (Aeolian high), so the sign-consistency condition never binds on this data. Dropping it changes no classification.","DOC-1 Gate B, 4 Aug 2026"
DOC1-084,6.5 Same-year response,,"VERIFY  Two seasonal reductions are computed — a base series using the mean of available seasons, and a growing-season cross-check on JJA and SON with the base series recomputed on the same cell set for like-for-like comparison.",method,,cells,Figure 2,,,,,,VERIFY flag 3
DOC1-085,6.5 Same-year response,,"This document describes only the base series, and the cross-check result is not reported.",interpretive,,,Figure 2,,,,,,VERIFY flag 3
DOC1-086,6.5 Same-year response,,VERIFY  The sign-consistency proportion required for a responding classification is not stated here and should be taken from the producing code.,interpretive,,,Figure 2,,,,,,VERIFY flag 4
DOC1-087,6.6 Smoothed response curves and descriptive tests,,The unit dashboards of Section 8 draw a generalised additive model (GAM) fitted to the cover floor against flood frequency across all census cells of a community.,value,8,cells,Figure 2,,,,,,
DOC1-088,6.6 Smoothed response curves and descriptive tests,,"A GAM fits a smooth curve whose shape is determined by the data rather than by an assumed functional form, and is used here because the relationship saturates at the wet end and a straight line would misrepresent both ends.",method,,,Figure 2,,,,,,
DOC1-089,6.6 Smoothed response curves and descriptive tests,,The shaded interval is a 95% confidence band on the fitted curve.,value,95,%,Figure 2,CONFIRMED,fit +/- 1.96 * se.fit,R/gayini_veg_water_census_panels.R:54-56,,"Pointwise 95% interval on the fitted curve, not simultaneous.","DOC-1 Gate C, 4 Aug 2026"
DOC1-090,6.6 Smoothed response curves and descriptive tests,,"The GAM band is a confidence interval on the fitted curve, not a prediction interval for a unit.",method,,,Figure 2,,,,,,
DOC1-091,6.6 Smoothed response curves and descriptive tests,,The dashboards also report a Kruskal–Wallis test across communities on flood frequency.,method,,,Figure 2,CONFIRMED,"kruskal.test(flood_frequency_pct ~ simplified_vegetation_group, data=freq_by_plot)",R/gayini_dashboard_panels.R:328,,"Test exists as described. See Gate C defect M-3: it is computed at PLOT support on the 4-class grouping, inside a section describing census-support methods, and the code labels it ""(descriptive)"".","DOC-1 Gate C, 4 Aug 2026"
DOC1-092,6.6 Smoothed response curves and descriptive tests,,"This is a rank-based test of whether the distributions differ, chosen because flood frequency is strongly skewed.",method,,,Figure 2,,,,,,
DOC1-093,6.6 Smoothed response curves and descriptive tests,,"The GAM uses a thin-plate regression spline with basis dimension set to the smaller of 10 and one fewer than the number of distinct flood-frequency values, with smoothing selected by restricted maximum likelihood and no weighting applied.",value,10,,Figure 2,CONFIRMED,"thin-plate default, k=min(10,nuf-1), REML, no weights",R/gayini_veg_water_census_panels.R:51-52,,All four elements match.,"DOC-1 Gate C, 4 Aug 2026"
DOC1-094,6.6 Smoothed response curves and descriptive tests,,"The sparse-bin rule is cumulative truncation, not per-bin exclusion.",method,,,Figure 2,CONFIRMED,cumprod(as.integer(n >= 500)) == 1L,scripts/03_inundation_products/28_build_veg_water_percentile_fan.R:87-108,,Cumulative truncation exactly as described.,"DOC-1 Gate C, 4 Aug 2026"
DOC1-095,6.6 Smoothed response curves and descriptive tests,,Bins are retained only up to the first bin containing fewer than 500 community cells; every bin beyond that point is discarded regardless of how many cells it holds.,structural,500,cells,Figure 2,CONFIRMED,retained up to the first bin below 500; all beyond discarded,scripts/03_inundation_products/28_build_veg_water_percentile_fan.R:87-108,,Matches line 108 exactly.,"DOC-1 Gate C, 4 Aug 2026"
DOC1-096,6.6 Smoothed response curves and descriptive tests,,"A different figure in the wider analysis applies a threshold of 2,000 cells on 5-percentage-point bins.",value,"2,000;5",cells,Figure 2,CONFIRMED,MIN_BIN_N = 2000 on 5-pp bins,"scripts/03_inundation_products/24_build_figA_floor_gradient_density.R:40,94",,"TRUE as stated, but INCOMPLETE - see Gate C defect M-1: that figure uses max(supported), i.e. the last bin anywhere meeting the threshold, NOT cumulative truncation. A different rule, not just a different threshold.","DOC-1 Gate C, 4 Aug 2026"
DOC1-097,7. Census results: how the floodplain is organised,,"They establish the physical and ecological template on which everything in Sections 8 to 10 rests, and they are the assessment's principal contribution: a spatially continuous, full-record description of a floodplain at the scale at which it is managed.",structural,8;10,,Figure 2,,,,,,
DOC1-098,"7.1 Flooding is variable, episodic, and not trending",,The share of the property under water in a given year ranges from under 1% to nearly 90%.,value,1;90,%,Figure 2,,,,,,
DOC1-099,"7.1 Flooding is variable, episodic, and not trending",,"Whole-property annual wet extent (upper) against mean water-year flow at Murrumbidgee gauge 410040 (lower), 1988–2022.",value,410040;1988;2022,,Figure 3,,,,,,caption
DOC1-100,"7.1 Flooding is variable, episodic, and not trending",,Shaded region marks the post-2018 window; dashed line marks WY2022–23.,value,-2018;2022;23,,Figure 3,,,,,,caption
DOC1-101,"7.1 Flooding is variable, episodic, and not trending",,"The figure also makes the point returned to in Section 11.2: the post-2018 window contains the wettest year in the record, so any recent change must be read against an exceptional hydrological period.",structural,11.2;-2018,,Figure 3,,,,,,
DOC1-102,"7.1 Flooding is variable, episodic, and not trending",,"Per-stratum test for trend in annual flood frequency, 1988–2023.",value,1988;2023,,Figure 4,,,,,,caption
DOC1-103,"7.1 Flooding is variable, episodic, and not trending",,"Theil–Sen slope with Mann–Kendall test as the primary statistic, with OLS and LOESS drawn for contrast.",method,,,Figure 4,,,,,,caption
DOC1-104,"7.1 Flooding is variable, episodic, and not trending",,"Mann–Kendall τ ranges from −0.12 to +0.14 with p-values from 0.24 to 1.00, tested at α = 0.10 rather than the conventional 0.05, with Theil–Sen confidence intervals at the complementary 90%.",value,−0.12;+0.14;0.24;1.00;0.10;0.05;90,%,Figure 4,CONFIRMED,"MK_P_ALPHA = 0.10, TS_CI_CONF = 0.90",R/gayini_trend_test_functions.R,,Alpha and its complement both as stated.,"DOC-1 Gate C, 4 Aug 2026"
DOC1-105,"7.1 Flooding is variable, episodic, and not trending",,"No verdict turns on that choice, since the smallest p-value is 0.24.",value,0.24,,Figure 4,,,,,,
DOC1-106,"7.1 Flooding is variable, episodic, and not trending",,"A rank-based test was chosen as primary because the series are strongly skewed by a few very large flood years, which an ordinary least squares line would misread as direction; the OLS line is drawn only for contrast and in several panels points the opposite way to the LOESS shape.",method,,,Figure 4,,,,,,
DOC1-107,"7.1 Flooding is variable, episodic, and not trending",,"Aeolian low country is reported as no-trend but flagged in the figure as a vacuous case: it never floods across the 35-year record, so the flat series carries no information and is not counted as evidence.",structural,35,,Figure 4,CONFIRMED,"Aeolian low: 26,786 of 26,786 pixels never wet",Output/diagnostics/tier2H_g1b_census_veg_wet_response_by_stratum.csv,,Vacuous case confirmed; consistent with the C4 bin counts.,"DOC-1 Gate C, 4 Aug 2026"
DOC1-108,"7.1 Flooding is variable, episodic, and not trending",,"Absolute flood-frequency zones at census resolution, using fixed breaks at 10%, 25% and 50% of years.",structural,10;25;50,%,Figure 5,,,,,,caption
DOC1-109,"7.1 Flooding is variable, episodic, and not trending",,"Flood frequency varies from never to more than one year in two across a property of 85,911 ha, organised along channels and low ground.",structural,"85,911",ha,Figure 5,,,,,,
DOC1-110,"7.1 Flooding is variable, episodic, and not trending",,"The zones use fixed breaks rather than terciles so that a zone means the same thing in every community — unlike the within-community bands of Figure 2, which are relative and are not comparable across communities.",structural,"2,",,Figure 5,,,,,,
DOC1-111,"7.2 Flooding sets the drought floor, not typical cover",,"Stored per-cell cover percentiles (5th to 50th) against flood frequency, by community.",structural,5;50,cells,Figure 6,,,,,,caption
DOC1-112,"7.2 Flooding sets the drought floor, not typical cover",,"Bins containing fewer than 500 cells are dropped, marked by the dashed boundary.",structural,500,cells,Figure 6,,,,,,caption
DOC1-113,"7.2 Flooding sets the drought floor, not typical cover",,Each line is the across-cell median of a stored per-cell percentile within a 10-percentage-point flood-frequency bin.,value,10,cells,Figure 6,,,,,,
DOC1-114,"7.2 Flooding sets the drought floor, not typical cover",,In Inland Floodplain country the 5th percentile rises from approximately 45% to 79% cover across the gradient while the 50th rises from approximately 78% to 91%: the floor moves roughly 34 points against the median's 13.,value,5;45;79;50;78;91;34;13,%,Figure 6,,,,,,
DOC1-115,"7.2 Flooding sets the drought floor, not typical cover",,"Mean or median cover alone would not have shown it, which is the justification for the metric choice in Section 5.",value,5,,Figure 6,,,,,,
DOC1-116,"7.2 Flooding sets the drought floor, not typical cover",,The Aeolian panel terminates near 45% flood frequency and the Riverine panel near 65%.,value,45;65,%,Figure 6,CONFIRMED,Aeolian last drawn bin centre 45; Riverine 65,scripts/03_inundation_products/28_build_veg_water_percentile_fan.R:87-108,,Points are plotted at bin centres; reproduced from the same four rasters.,"DOC-1 Gate C, 4 Aug 2026"
DOC1-117,"7.2 Flooding sets the drought floor, not typical cover",,"Under the cumulative truncation rule of Section 6.6 a curve ends at the first sparse bin, so these endpoints mark where each community's cell counts first fall below the retention threshold.",method,6.6,cells,Figure 6,CONFIRMED,cumulative truncation confirmed; endpoints are also genuine community limits,scripts/03_inundation_products/28_build_veg_water_percentile_fan.R:87-108,,"C4: every bin beyond every cut is itself sparse - Aeolian 260/251/60 px, Riverine 67/2 px. No well-populated bin discarded.","DOC-1 Gate C, 4 Aug 2026"
DOC1-118,7.3 Response consistency varies systematically along the gradient,,"Per-cell correlation between annual cover and annual wet/dry state, by community and wetness band.",method,,cells,Figure 7,,,,,,caption
DOC1-119,7.3 Response consistency varies systematically along the gradient,,"Response strengthens toward the wet end of each community, from r = 0.16 in Aeolian mid country to r = 0.39 in Inland Floodplain mid and high bands.",structural,0.16;0.39,,Figure 7,CONFIRMED,Aeolian mid median_r=0.1641 -> 0.16; Inland mid 0.3860 and high 0.3891 -> 0.39; monotone increase with band in all three communities,Output/diagnostics/tier2H_g1b_census_veg_wet_response_by_stratum.csv,"python -c ""import csv,io;rows=list(csv.DictReader(io.StringIO(chr(10).join(l for l in open('Output/diagnostics/tier2H_g1b_census_veg_wet_response_by_stratum.csv',encoding='utf-8').read().splitlines() if not l.startswith('#')))))"" ; read column median_r by community x regime_band",Aeolian NA/0.1641/0.1754; Riverine 0.1484/0.2244/0.3211; Inland 0.2562/0.3860/0.3891. Named strata match at stated precision and the stated monotonicity holds.,"DOC-1 Gate B, 4 Aug 2026"
DOC1-120,7.3 Response consistency varies systematically along the gradient,,Six of the eight measurable strata meet the 0.20 reporting threshold.,value,0.20,,Figure 7,CONTRADICTED,"5 of 8 measurable strata, not 6",Output/diagnostics/tier2H_g1b_census_veg_wet_response_by_stratum.csv,"python -c ""import csv,io;rows=list(csv.DictReader(io.StringIO(chr(10).join(l for l in open('Output/diagnostics/tier2H_g1b_census_veg_wet_response_by_stratum.csv',encoding='utf-8').read().splitlines() if not l.startswith('#')))))"" ; count median_r >= 0.20 among rows where median_r is not NA","Census/pixel support: 8 strata have a defined median_r; 5 reach 0.20 (Riverine mid, Riverine high, Inland low, Inland mid, Inland high). The census verdict column reads 'responds' for the same 5. The value 6 is the PLOT-support count (plot_verdict='responds' is 6 of 9, adding Aeolian high at plot_median_r_veg=0.2644). Stated as 6 of 8, the sentence pairs a plot-support numerator with a census-support denominator.","DOC-1 Gate B, 4 Aug 2026"
DOC1-121,7.3 Response consistency varies systematically along the gradient,,Riverine low country shows the largest per-flood cover gain at +11.1 percentage points but a correlation of only 0.15; Inland Floodplain high country shows the smallest gain at +4.0 with a correlation of 0.39.,value,+11.1;0.15;+4.0;0.39,pp,Figure 7,CONFIRMED,"Riverine low wet_minus_dry=11.096 pp (maximum), median_r=0.1484; Inland high wet_minus_dry=4.008 pp (minimum), median_r=0.3891",Output/diagnostics/tier2H_g1b_census_veg_wet_response_by_stratum.csv,"python -c ""import csv,io;rows=list(csv.DictReader(io.StringIO(chr(10).join(l for l in open('Output/diagnostics/tier2H_g1b_census_veg_wet_response_by_stratum.csv',encoding='utf-8').read().splitlines() if not l.startswith('#')))))"" ; read wet_minus_dry_veg_pts and median_r",Both extremes are the true maximum and minimum across the 8 measurable strata. All four values match at stated precision.,"DOC-1 Gate B, 4 Aug 2026"
DOC1-122,7.3 Response consistency varies systematically along the gradient,,"Aeolian low country does not flood at all across the 35-year record, so a same-year response cannot be computed there.",value,35,,Figure 7,CONFIRMED,"Aeolian low: n_pixels_focus=26786, n_never_flood=26786, n_pixels_response=0, resp_coverage_pct=0, verdict='undetermined'",Output/diagnostics/tier2H_g1b_census_veg_wet_response_by_stratum.csv,"python -c ""import csv,io;rows=list(csv.DictReader(io.StringIO(chr(10).join(l for l in open('Output/diagnostics/tier2H_g1b_census_veg_wet_response_by_stratum.csv',encoding='utf-8').read().splitlines() if not l.startswith('#')))))"" ; row community='Aeolian Chenopod Shrublands', regime_band='low'","Every focus pixel is a never-flood pixel, so the same-year contrast is undefined by construction rather than thinned by data loss.","DOC-1 Gate B, 4 Aug 2026"
DOC1-123,7.4 Where cover persists — and the two meanings of persistent,,Section 7.2 established that flooding sets the drought floor.,value,7.2,,Figure 7,,,,,,
DOC1-124,7.4 Where cover persists — and the two meanings of persistent,,"Per-cell 5th-percentile total cover (left) and 50th-percentile total cover (right), across-series percentiles 1988–2023, on one shared 0–100 scale.",value,"5;50;1988;2023,;0;100",cells,Figure 8,,,,,,caption
DOC1-125,7.4 Where cover persists — and the two meanings of persistent,,The two panels are the spatial expression of Figure 6.,value,6,,Figure 8,,,,,,
DOC1-126,Cover retained is not the same as cover alive,,"Green share at the floor — photosynthetic vegetation as a percentage of total vegetation, read paired in the season that sets each cell's total-cover 5th percentile.",value,5,cells,Figure 9,CONFIRMED,"100 * PV / total_veg, paired at each cell total-veg p05 season",Output/tables/taskM_green_at_floor_area.csv,,Definition matches the task table and the persistence README verbatim.,"caption | DOC-1 Gate C, 4 Aug 2026"
DOC1-127,Cover retained is not the same as cover alive,,Measured at native 30 m and displayed at 3× aggregation on the census grid.,structural,30;3,m,Figure 9,,,,,,caption
DOC1-128,Cover retained is not the same as cover alive,,The property median green share at the floor is 3.03%.,value,3.03,%,Figure 9,CONFIRMED,green_frac_pct_median = 3.03,Output/tables/taskM_green_at_floor_area.csv ; Output/diagnostics/tier2H_h2_green_fraction_at_floor.csv,"python -c ""import csv;print([r for r in csv.DictReader(open('Output/tables/taskM_green_at_floor_area.csv',encoding='utf-8')) if r['quantity']=='green_frac_pct_median'])""","Two independent artefacts agree: the task table gives green_frac_pct_median=3.03 (mean 11.773), and the diagnostics CSV row ""green fraction of the floor (%)"" gives median 3.03, mean 11.773, p95 55.556 over n_farm_px=959,833. CONVENTION NOT STATED: the median is over the 959,833 valid floor pixels inside the FARM BOUNDARY at native 30 m EPSG:3577 (implied 86,384.97 ha), which includes treed Floodplain Woodland. The persistence areas quoted in the same passage are non_treed scope. See the Gate B report.","DOC-1 Gate B, 4 Aug 2026"
DOC1-129,Cover retained is not the same as cover alive,,"Only 71,755 cells — 6,458 ha, measured at native 30 m — exceed 50% green at their floor, and those form narrow strips along channels and low ground.",structural,"71,755;6,458;30;50",%;cells;ha;m,Figure 9,CONFIRMED,"n_majority_green_px_gt50 = 71,755 ; area_ha_native_30m_3577 = 6,457.95",Output/tables/taskM_green_at_floor_area.csv ; Output/rasters/persistence_8058/README.md,"python -c ""import csv;print([(r['quantity'],r['value']) for r in csv.DictReader(open('Output/tables/taskM_green_at_floor_area.csv',encoding='utf-8'))])""","71,755 px x 0.09 ha = 6,457.95 ha, native 30 m EPSG:3577, green_frac_pct > 50. The README warns that the 8058 reprojected area (3,744.20 ha) and the older 4,474.03 ha count-conversion are NOT the measured area. The document quotes the native-grid figure, which is the correct one.","DOC-1 Gate B, 4 Aug 2026"
DOC1-130,Cover retained is not the same as cover alive,,"The two persistence surfaces overlaid: total-cover floor at or above 75% (blue), green-share floor at or above 50% (green), and both (yellow).",value,75;50,%,Figure 10,,,,,,caption
DOC1-131,Cover retained is not the same as cover alive,,Connected components smaller than 5 ha removed.,structural,5,ha,Figure 10,CONFIRMED,both input surfaces have 0 components < 5 ha,Output/rasters/persistence_8058/,,"TRUE of each input surface. See Gate C defect F-1: 20 of the 50 components of the YELLOW (both) class as drawn are below 5 ha, totalling 28.5 ha - the filter was applied before the intersection, not after.","caption | DOC-1 Gate C, 4 Aug 2026"
DOC1-132,Cover retained is not the same as cover alive,,"A sweep across candidate thresholds found no natural break, plateau or bimodality in either surface — the qualifying area declines smoothly, with a median elasticity of approximately −5, so a 1% change in threshold moves the area by about 5%.",value,"−5,;1;5",%,Figure 10,,,,,,
DOC1-133,Cover retained is not the same as cover alive,,"Around the operational cut a ±5 percentage point shift changes the total-cover area by a factor of three: 12,641 ha at 70, 8,300 ha at 75, 4,179 ha at 80.",structural,"5;12,641;70,;8,300;75,;4,179;80",ha;pp,Figure 10,,,,,,
DOC1-134,Cover retained is not the same as cover alive,,No headline threshold is claimed and every area figure is quoted with the threshold that produced it.,method,,,Figure 10,,,,,,
DOC1-135,Cover retained is not the same as cover alive,,"Fractional cover is natively 30 m and bilinear-resampled once onto the 24.97 m grid, so polygon edges are finer than the source supports.",value,30;24.97,m,Figure 10,,,,,,
DOC1-136,Cover retained is not the same as cover alive,,"A separate surface counting the percentage of years with mean cover above 70% — a duration measure rather than a floor measure — is held as the intended input to the planned LiDAR structural comparison, and is not reproduced here because it saturates across much of the property.",value,70,%,Figure 10,,,,,,
DOC1-137,8. Unit dashboards: placing a paddock or site on the census,,The census results of Section 7 describe the property as a whole.,value,7,,Figure 10,,,,,,
DOC1-138,8. Unit dashboards: placing a paddock or site on the census,,"Locator and context map | Property inset with the unit highlighted; for sites, flood frequency with a 1 km neighbourhood ring and plot footprint; for paddocks, the community × wetness classification per cell | Where is this unit, and what country does it hold",structural,1,cells,,,,,,,table row
DOC1-139,8. Unit dashboards: placing a paddock or site on the census,,"Time series | Regional gauge flow (sites only), annual flooding against the 35-year mean, and the ground-cover series | How has this unit behaved, and against what regional background",structural,35,,,,,,,,table row
DOC1-140,8. Unit dashboards: placing a paddock or site on the census,,The fourth panel is the dashboard's analytical core and is the unit-scale expression of the framework in Section 6.1.,value,6.1,,Figure 10,,,,,,
DOC1-141,8. Unit dashboards: placing a paddock or site on the census,,"Where Section 9 reports the residual as a number, the dashboard shows the unit's position against the full cloud of comparable cells, so a reader can see both the departure and the spread it sits within.",structural,9,cells,Figure 10,,,,,,
DOC1-142,8. Unit dashboards: placing a paddock or site on the census,,The dashboards use the spatial floor and the GAM curve; Section 9's residual figures use the linear expectation line.,value,9,,Figure 10,,,,,,
DOC1-143,8. Unit dashboards: placing a paddock or site on the census,,"A unit may sit above the GAM curve for its community and below the property-wide line, or the reverse.",method,,,Figure 10,,,,,,
DOC1-144,8.1 Paddock dashboards,,"Paddock dashboard, Bala 29ca.",structural,29,,Figure 11,,,,,,caption
DOC1-145,8.1 Paddock dashboards,,Ungrazed; 13 monitoring plots; dominant community Inland Floodplain.,structural,13,,Figure 11,,,,,,caption
DOC1-146,8.1 Paddock dashboards,,"Long-run flood frequency 10%, recent 17%.",value,10;17,%,Figure 11,,,,,,caption
DOC1-147,8.1 Paddock dashboards,,"Bala 29ca holds three communities in near-equal proportion, which is unusual on this property and is why it is treated separately throughout.",structural,29,,Figure 11,,,,,,
DOC1-148,8.1 Paddock dashboards,,"Its flooding is low for Inland Floodplain country, and the baseline gauge shows the recent period 7 percentage points wetter than its own long-run average.",value,7,pp,Figure 11,,,,,,
DOC1-149,8.1 Paddock dashboards,,"On the response panel it sits close to the curve for the Inland Floodplain third of its area, which is consistent with the whole-paddock shortfall of Section 9 arising principally in its drier communities rather than uniformly.",structural,9,,Figure 11,,,,,,
DOC1-150,8.1 Paddock dashboards,,"Paddock dashboard, Bala 23.",structural,23,,Figure 12,,,,,,caption
DOC1-151,8.1 Paddock dashboards,,"Grazed; 82% Inland Floodplain; long-run flood frequency 39%, recent 60%.",value,82;39;60,%,Figure 12,,,,,,caption
DOC1-152,8.1 Paddock dashboards,,Bala 23 is among the wetter paddocks on the property and sits above the GAM curve.,value,23,,Figure 12,,,,,,
DOC1-153,8.1 Paddock dashboards,,"The contrast with Figure 5 is the argument for water-adjusted comparison in one image: two paddocks whose cover floors differ by more than 18 percentage points, almost entirely because one floods four times as often as the other.",value,5;18,pp,Figure 12,,,,,,
DOC1-154,8.1 Paddock dashboards,,"The baseline gauge on both figures also demonstrates the point made in Section 11.2: the recent period is substantially wetter than the long-run average on this property, by 7 points for Bala 29ca and 21 for Bala 23.",value,11.2;7;29;21;23,,Figure 12,,,,,,
DOC1-155,8.2 Site dashboards,,Aeolian Chenopod Shrublands; 1 km neighbourhood; flood frequency 0.2% at the plot footprint against 3% for the neighbourhood.,structural,1;0.2;3,%,Figure 13,,,,,,caption
DOC1-156,8.2 Site dashboards,,"The response panel carries only 15 census cells for this site, and the resulting position is correspondingly uncertain — a point the dashboards state directly by reporting the cell count.",structural,15,cells,Figure 13,,,,,,
DOC1-157,M1 · Management zones and grazing treatment,,All 64 management zones labelled by paddock name and filled by grazing treatment.,structural,64,,Figure 14,,,,,,caption
DOC1-158,M1 · Management zones and grazing treatment,,Sixty zones are under 14-day rotational grazing and four under no grazing.,structural,14,,Figure 14,,,,,,
DOC1-159,M1 · Management zones and grazing treatment,,"It does not indicate cultivation history, and no land-use history is available for any paddock (Section 11.3).",structural,11.3,,Figure 14,,,,,,
DOC1-160,M2 · Monitoring network against management zones,,The 66 monitoring plots overlaid on the zone layer; 48 fall within a mapped zone and 18 do not.,structural,66;48;18,,Figure 15,,,,,,caption
DOC1-161,M2 · Monitoring network against management zones,,Three further plots are near-boundary 14-day plots lying 52 to 78 metres outside the nearest zone edge.,structural,14;52;78,,Figure 15,,,,,,
DOC1-162,M2 · Monitoring network against management zones,,"Of the 24 plots in ungrazed paddocks, 13 fall within Bala 29ca alone.",structural,24;13;29,,Figure 15,,,,,,
DOC1-163,M2 · Monitoring network against management zones,,"Ground-based statements about ungrazed country are weighted heavily toward a single paddock, and one atypical of the group on every axis examined.",method,,,Figure 15,,,,,,
DOC1-164,M4 / F7 · Paddock parts by state,,"Paddock parts classified on community-scaled level and water-adjusted trend, at a pre-registered cut of ±1.0 SD.",value,1.0,,Figure 16,,,,,,caption
DOC1-165,M4 / F7 · Paddock parts by state,,"Of 118 parts, 8 meet the recovering criterion, 16 are declining, 14 are persistently poor and 77 are unremarkable.",structural,118;8;16;14;77,,Figure 16,,,,,,
DOC1-166,M4 / F7 · Paddock parts by state,,Bala 29ca's parts sit among the lowest of their kind on the level axis and among the highest on the trend axis.,structural,29,,Figure 16,,,,,,
DOC1-167,M5 · Cover and water at two grains,,"Cover floor (upper row) and flood frequency (lower row) at paddock grain (left, 64 units) and part grain (right, 115 of 118 parts).",structural,64;115;118,,Figure 17,,,,,,caption
DOC1-168,M5 · Cover and water at two grains,,The two columns do not: within-paddock differences between parts have a median of approximately 13 percentage points and reach 40.,structural,13;40,pp,Figure 17,,,,,,
DOC1-169,M5 · Cover and water at two grains,,"Three parts fall below the minimum support rule and are drawn in a distinct grey, since leaving them blank would render 'no data' and 'no cover' indistinguishable.",method,,,Figure 17,,,,,,
DOC1-170,M5b · Departure from hydrological expectation,,Legend ticks at one and two residual standard deviations (6.62 pp).,value,6.62,pp,Figure 18,,,,,,caption
DOC1-171,M5b · Departure from hydrological expectation,,"The three largest shortfalls are Bala 15 at −17.6 percentage points, Bala 29ca at −16.8, and Dinan 10 at −15.1.",value,15;−17.6;29;−16.8;10;−15.1,pp,Figure 18,,,,,,
DOC1-172,M5b · Departure from hydrological expectation,,Dinan 10 is Bala 29ca's hydrological twin — a grazed paddock of closely comparable flood frequency and comparable shortfall — indicating that Bala 29ca's departure is not unique to its management status.,structural,10;29;29,,Figure 18,,,,,,
DOC1-173,"F1 · Paddock floor trajectories, 1988–2023",,"Annual cover floor for each ungrazed paddock against the interquartile band and median of the 60 grazed paddocks, by community.",structural,60,,Figure 19,,,,,,caption
DOC1-174,"F1 · Paddock floor trajectories, 1988–2023",,In Aeolian and Riverine country Bala 29ca sits well below the band and rises toward it.,structural,29,,Figure 19,,,,,,
DOC1-175,"F1 · Paddock floor trajectories, 1988–2023",,The improvement in Bala 29ca begins approximately thirty years before conservation management commenced.,value,29,,Figure 19,,,,,,
DOC1-176,F2 · The same record on mean cover,,"As Figure 19, with mean cover substituted for the cover floor.",value,"19,",,Figure 20,,,,,,caption
DOC1-177,F2 · The same record on mean cover,,"On mean cover every ungrazed paddock falls within the grazed band throughout, including Bala 29ca.",structural,29,,Figure 20,,,,,,
DOC1-178,F2 · The same record on mean cover,,The signal visible in Figure 19 is absent.,value,19,,Figure 20,,,,,,
DOC1-179,F3 · Annual gap to grazed country,,"The three-paddock series is flat: +0.057 pp/yr with r = 0.22, mean gap −2.07 percentage points, ranging −7.04 to +4.99 across years, crossing zero in both directions.",structural,+0.057;0.22;−2.07;−7.04;+4.99,pp;pp/yr,Figure 21,,,,,,
DOC1-180,F3 · Annual gap to grazed country,,"Bala 29ca alone rises at +0.919 pp/yr with r = 0.85, and the four-paddock series at +0.273 with r = 0.77 — the latter driven almost entirely by Bala 29ca.",structural,29;+0.919;0.85;+0.273;0.77;29,pp;pp/yr,Figure 21,,,,,,
DOC1-181,F3 · Annual gap to grazed country,,"""Three paddocks"" here denotes Bala 26ca, 27ca and 28ca, excluding Bala 29ca as the outlier.",structural,26;27;28;29,,Figure 21,,,,,,
DOC1-182,F3 · Annual gap to grazed country,,"A different three-paddock set exists in the results store, defined by monitoring-plot presence and excluding Bala 27ca.",structural,27,,Figure 21,,,,,,
DOC1-183,F4 · Decomposition of gap change,,"Panel A: change in the ungrazed-to-grazed gap between early (to 1997) and late (from 2013) windows, split by which side moved.",value,1997;2013,,Figure 22,,,,,,caption
DOC1-184,F4 · Decomposition of gap change,,In Aeolian country the gap change of +8.4 percentage points arises with both sides rising and the ungrazed side rising further.,value,+8.4,pp,Figure 22,,,,,,
DOC1-185,F4 · Decomposition of gap change,,In Riverine country the change of +13.5 points arises with the ungrazed side rising and the grazed side falling.,value,+13.5,,Figure 22,,,,,,
DOC1-186,F4 · Decomposition of gap change,,In Inland Floodplain country the change is −0.8 points with both sides falling.,value,−0.8,,Figure 22,,,,,,
DOC1-187,F4 · Decomposition of gap change,,"Sample sizes on the ungrazed side are small and unequal: n = 1 for Aeolian, 4 for Inland, 3 for Riverine.",value,1;4;3,,Figure 22,,,,,,
DOC1-188,F5 · Cover floor against flood frequency,,"Cover follows water across the property, r = 0.71.",value,0.71,,Figure 23,,,,,,
DOC1-189,F5 · Cover floor against flood frequency,,"Bala 29ca lies 16.8 percentage points below expectation, ranking 2nd of 64 in shortfall; Dinan 10, a grazed paddock of similar flood frequency, lies 15.1 below and ranks 3rd.",structural,"29;16.8;2;64;10,;15.1;3",pp,Figure 23,,,,,,
DOC1-190,F6 · Three-arm comparison within strata,,Each panel carries the raw gap and the within-stratum adjusted gap.,method,,,Figure 24,,,,,,caption
DOC1-191,F6 · Three-arm comparison within strata,,"The labelled value is that difference after within-stratum adjustment: each arm is compared with the comparator separately within each wetness band, and the three band results combined weighted by stratum area.",method,,,Figure 24,CONFIRMED,"area-weighted within stratum, weights = non-treed stratum area per band","scripts/12_zone_stratum/T6_gateE_figures.R:18-53,116-120",,"Lines 33-53: weights from census_by_zone_stratum over low/mid/high. Equal-weighted alternative -11.167, recorded only as a spread endpoint.","DOC-1 Gate C, 4 Aug 2026"
DOC1-192,F6 · Three-arm comparison within strata,,On Aeolian country a raw gap of −32.0 percentage points becomes −10.5 once like is compared with like.,value,−32.0;−10.5,pp,Figure 24,CONFIRMED,raw -32.044; adjusted -10.462,"scripts/12_zone_stratum/T6_gateE_figures.R:18-53,116-120",,"Raw = mean over 35 yr of (arm veg_p05_spatial - grazed-zone per-year median). Adjusted = area-weighted band mean = pin ref_grazed_floor_aeolian -10.46. NOTE T6_gateE_figures.R:112 comment says -30.9; the comment is stale, the document is right.","DOC-1 Gate C, 4 Aug 2026"
DOC1-193,F6 · Three-arm comparison within strata,,"The inferred-standard arm sits at or above the 14-day comparator in six of nine strata, and the plot-confirmed subset in eight of nine.",structural,14,,Figure 24,,,,,,
DOC1-194,F6 · Three-arm comparison within strata,,"Arm sizes are small and unequal, at n = 1 to 4 for the ungrazed arm.",value,1;4,,Figure 24,,,,,,
DOC1-195,T1 · The four ungrazed paddocks compared,,"One column per ungrazed paddock: composition, flooding, cover floor, residual, water-adjusted trend, part states and monitoring sites, each with its rank of 64.",value,64,,Figure 25,,,,,,caption
DOC1-196,T1 · The four ungrazed paddocks compared,,Bala 26ca floods in 45.3% of years and ranks 3rd of 64; Bala 29ca floods in 8.5% and ranks 61st.,structural,26;45.3;3;64;29;8.5;61,%,Figure 25,,,,,,
DOC1-197,T1 · The four ungrazed paddocks compared,,Composition ranges from entirely Inland Floodplain (Bala 27ca) to a three-way split (Bala 29ca).,value,27;29,,Figure 25,,,,,,
DOC1-198,T1 · The four ungrazed paddocks compared,,Water-adjusted trends range from −0.337 to +0.556 pp/yr.,value,−0.337;+0.556,pp;pp/yr,Figure 25,,,,,,
DOC1-199,T1 · The four ungrazed paddocks compared,,Bala 27ca carries no monitoring sites.,structural,27,,Figure 25,,,,,,
DOC1-200,"T2 · Part classification, full listing",,T13_gateC_classification.csv,value,13,,Figure 25,,,,,,
DOC1-201,"T2 · Part classification, full listing",,"All 115 supported parts with zone, community, years of record, cover level and its community-scaled value, raw trend, within-part water slope, water-adjusted trend and its scaled value, registered state, and the state under five alternative cuts and under removal of the two wettest years.",value,115,,Figure 25,,,,,,
DOC1-202,"T2 · Part classification, full listing",,"A lookup table supporting Figure 16, permitting any paddock to be examined individually and any classification checked against alternative thresholds.",structural,"16,",,Figure 25,,,,,,
DOC1-203,"T2 · Part classification, full listing",,"Supplied as a spreadsheet rather than a rendered image: at 115 rows the table is searched rather than read, and the alternative-cut columns are only useful if they can be sorted and filtered.",structural,115,,Figure 25,,,,,,
DOC1-204,"T2 · Part classification, full listing",,Three of 118 parts fall below the minimum support rule — 25 years of at least 30 valid cells — and are absent.,method,118;25;30,cells,Figure 25,,,,,,
DOC1-205,T3 · Statement of limitations,,Section 11 of this document constitutes its current content.,value,11,,Figure 25,,,,,,
DOC1-206,11.1 Description and attribution,,"The assessment can describe, at 25 m resolution across 35 years, how the floodplain inundates and how vegetation cover responds.",value,25;35,m,Figure 25,,,,,,
DOC1-207,11.2 The management–water chain,,"Four post-management water years are available and they are hydrologically atypical: one is the wettest year in the entire 35-year record and another the sixth wettest, with mean inundation of 43.6% against 22.8% across the preceding thirty-one years.",structural,35;43.6;22.8,%,Figure 25,,,,,,
DOC1-208,11.2 The management–water chain,,The baseline gauges on the unit dashboards of Section 8 show the same effect at paddock scale.,structural,8,,Figure 25,,,,,,
DOC1-209,11.3 Absent data,,Sub-annual inundation before 2014.,value,2014,,Figure 25,,,,,,
DOC1-210,11.4 Measurement constraints,,"The census comprises 1,080,157 cells but these are not independent observations.",structural,"1,080,157",cells,Figure 25,,,,,,
DOC1-211,11.4 Measurement constraints,,"No inferential statistic treats them as such, and no confidence interval or p-value is computed on the census.",method,,,Figure 25,,,,,,
DOC1-212,11.4 Measurement constraints,,"Where a threshold defines an area, the area varies smoothly with the threshold and no natural break exists.",method,,,Figure 25,,,,,,
DOC1-213,11.4 Measurement constraints,,Area figures are quoted with their threshold.,method,,,Figure 25,,,,,,
DOC1-214,11.4 Measurement constraints,,Property-wide aggregates are dominated by it unless area-weighted or reported per stratum.,method,,,Figure 25,,,,,,
DOC1-215,11.5 Design constraints,,Thirteen of 24 ungrazed-paddock plots lie within Bala 29ca.,structural,24;29,,Figure 25,,,,,,
DOC1-216,11.5 Design constraints,,"Site dashboards rest on 15 to 16 census cells per site, so a site's position on the response curve is correspondingly uncertain.",structural,15;16,cells,Figure 25,,,,,,
DOC1-217,12.2 Gaps in order of consequence,,Sub-annual inundation pre-2014 | Would allow lag analysis at census rather than plot support | Archive constraint; not resolvable,structural,-2014,,,,,,,,table row
DOC1-218,12.3 Next steps,,Test spatial concordance between the persistence surface of Figure 10 and an independent structural measure.,value,10,,Figure 25,,,,,,
DOC1-219,12.3 Next steps,,"Replace the management category in the three-arm comparison with a measured intensity, converting the strongest current caveat on Figure 24 into a testable relationship.",value,24,,Figure 25,,,,,,
DOC1-220,12.3 Next steps,,VERIFY  This section is a draft and its priorities have not been agreed.,interpretive,,,Figure 25,,,,,,VERIFY flag 5
DOC1-221,12.3 Next steps,,"The ordering reflects analytical consequence rather than cost or feasibility, neither of which has been assessed.",interpretive,,,Figure 25,,,,,,VERIFY flag 5
DOC1-222,13. Positioning,,"The absence of a directional trend in inundation across 1988–2023 is consistent with, rather than contrary to, the regional flow-decline literature.",value,1988;2023,,Figure 25,,,,,,
DOC1-223,References,,"VERIFY  Four further sources held in the project library could not be resolved to citations and require completion: the flood-pulse and dryland-floodplain vegetation sources supporting Section 13, the Dawson et al. (2016) distance-to-reference paper used as the design template for Section 6.1, and the Kingsford-group flow-decline sources.",value,"13,;2016;6.1",,Figure 25,,,,,,VERIFY flag 6
DOC1-224,References,,Full citations for the Landsat fractional cover algorithm and the water-observation product are also required in Section 2.,value,2,,Figure 25,,,,,,VERIFY flag 6
